,Ayaktan tedavi edici ve rehabilite edici hizmetler ,"Baharatlar, yemeklerde kullanılan otlar ve tohumlar ","Balıklar, canlı, taze, soğutulmuş veya dondurulmuş ",Başka yerde sınıflandırılmamış diğer gıda ürünleri ,"Başka yerde sınıflandırılmamış seyahat eşyaları, bebekler için malzemeler ve diğer kişisel eşyalar ",Başka yerde sınıflandırılmamış tatlılar ve diğer şekerlemeler ,Bebek giysileri (0-2 yaş) ,Bebek mamaları ,Bebek ve çocuk ayakkabıları ,Benzin ,Bilgi ve iletişim ekipmanlarının onarımı ve kiralanması ,Bilgisayar çevre birimleri ve sarf malzemeleri,"Bilgisayarlar, diz üstü bilsayarlar ve tablet bilgisayarlar ",Biralar ,Birinci el motorlu taşıtlar ,Bisikletler ,Bitkisel sıvı yağlar ,"Buz, dondurma ve buzlu şerbet (sorbe) ","Cam, kristal, seramik, porselen ve çin porseleni eşyalar ",Çamaşır makineleri ve kurutma makineleri ,Çatal bıçak takımları ve gümüş çatal bıçak takımları ,Çay ve demlenerek hazırlanan diğer bitkisel ürünler ,"Çeşitli hırdavat malzemeleri ve aksesuarlar (pil, ampul vb.)",Çiğ ve tam yağlı süt ,"Çikolata, kakao, kakao bazlı gıda ürünleri ",Deniz ve iç sularda yolcu taşımacılığı ,Diğer dayanıklı olmayan ev eşyaları ,Diğer giyim eşyaları ,Diğer hanehalkı hizmetleri ,Diğer kitaplar ,Diğer küçük ev aletleri ,"Diğer meyveler, taze ","Diğer oyunlar, oyuncaklar ve hobiler ","Diğer sebzeler, taze veya soğutulmuş (soğan, sarımsak, havuç, mantar, zeytin vb.)",Doğalgaz ve ilgili abonelik ücretleri ,Döşemelik kumaşlar ve perdeler ,Eğitsel kitaplar ve ders kitapları ,Ekmek ve unlu mamuller ,Elektrik ,Elektrikli büyük mutfak eşyaları,Erkek ayakkabıları ,Erkek ve erkek çocuk giysileri ,"Et, kurutulmuş, tuzlanmış, salamura edilmiş veya tütsülenmiş ","Et, taze, soğutulmuş veya dondurulmuş ",Ev hayvanları ve diğer evcil hayvanlar için ürünler ,Ev mobilyaları ,Ev temizlik ve bakım ürünleri ,Geçiş ücretleri ,"Giyim eşyalarının onarımı, tadilatı, dikimi ve kiralanması ",Giyim eşyalarının temizlenmesi ,Hava yolu ile yurt içi yolcu taşımacılığı ,Havale ücretleri ,"Hurma, incir ve tropikal meyveler, taze ","Isıtıcılar, klimalar ",İçecek hazırlamada kullanılan küçük aletler ,İçkiler ve likörler ,"İlaçlar, aşılar ve diğer eczacılık ürünleri",İlkokul eğitimi (temel eğitim),İnternet erişim hizmetleri ,Kadın ayakkabıları ,Kadın ve kız çocuk giysileri ,Kahvaltılık tahıl ürünleri ,Kahve,"Kesilmiş hayvanların et, sakatat ve diğer parçalarından yemeye hazır hale getirilmiş ürünler","Kesilmiş hayvanların sakatat ve diğer parçaları (taze, soğutulmuş veya dondurulmuş, kurutulmuş, tuzlanmış, salamura edilmiş veya tütsülenmiş) ",Kırtasiye ve çizim malzemeleri ,Kiracılar tarafından ödenen gerçek kira ,"Kişisel bakıma yönelik diğer aletler, malzemeler ve ürünler ",Kişisel ulaşım araçları için diğer yakıtlar ,Kişisel ulaşım araçlarının bakım ve onarımı ,Kişisel ulaşım araçlarının sürücüsüz olarak kiralanması,Konserve edilmiş veya işlenmiş balık ürünleri,"Konserve edilmiş veya işlenmiş sebze içerikli ürünler (salça, turşu, zeytin vb.)",Konutun bakım ve onarımı için malzemeler ,"Kömür, kömür briketi ve turba ",Kuaförlük hizmetleri ,Kuru baklagiller,Kurutulmuş ve dehidre meyveler ,Kurye ve paket/koli dağıtım hizmetleri ,"Lokantalar, kafeler ve benzerleri, sınırlı sunum hizmeti verenler ","Lokantalar, kafeler ve benzerleri, tam sunum hizmeti verenler ",Maden suları ve kaynak suları ,"Makarna, erişte, kuskus ve benzeri makarna ürünleri ",Margarin ,Masa ve banyo tekstili ,"Mefruşat, halılar ve kilimler ",Meşrubatlar,Metro ve tramvay ile yolcu taşımacılığı ,Meyve ve sebze suları ,"Meyvesi yenen sebzeler, taze veya soğutulmuş (domates, biber, salatalık, kabak vb.)",Mobil iletişim hizmetleri ,Mobil telefon ve ekipmanları ,Motorin (Mazot) ,Motosikletler ,Mutfak gereçleri ve eşyaları ,Mücevherat ve kol saatleri ,Ortaöğretim eğitimi (ortaokul ve lise) ,"Otel, motel, pansiyon ve benzeri yerlerdeki konaklama hizmetleri ",Otobüs ile yolcu taşımacılığı ,Peynir ,"Reçel, meyve jöleleri, marmelat, meyve püreleri ve ezmeleri, bal ","Sert çekirdekli ve yumuşak çekirdekli meyveler, taze ","Sert kabuklu meyve püresi, meyve ezmesi ve macunu ","Sert kabuklu meyveler, kabuklu veya kabuksuz ","Ses ve görüntü alma, kaydetme ve çoğaltma ekipmanları ",Sigaralar,Spor ekipmanları ,Su (şebeke suyu),"Sürücü kursları, araç muayene, emisyon ölçüm ücreti vb. hizmetler",Süt bazlı tatlı ve içecekler ,"Şarap, üzümden ",Şeker,Tahıl unları ,Tahıllar ,Temizlik ekipmanları (elektrik süpürgesi vb.),Tereyağı ve sütten elde edilen diğer yağlar ,"Turunçgiller, taze ","Tuz, çeşniler ve soslar ",Tüpgaz (ev tüpü),"Üzümsü meyveler, taze ",Veterinerlik ve ev hayvanları için diğer hizmetler ,Yağlar ,"Yakacak odun, peletler ve briketler dahil ",Yatak takımları ve yatak olarak kullanılan eşyalar ,"Yemeye hazır gıdalar (hazır pizza, börek, çorba vb.)","Yeşil baklagil sebzeleri, taze veya soğutulmuş ","Yeşil yapraklı veya saplı sebzeler, taze veya soğutulmuş ",Yiyecek pişirme ve işlemede kullanılan küçük aletler ,Yoğurt ve benzeri ürünler ,Yumrulu sebzeler,Yumurtalar ,Yükseköğretim eğitimi ,Hareket ve günlük yaşam için yardımcı ürünler ,Görmeye yardımcı ürünler ,Diğer ayaktan ağız ve diş tedavi hizmetleri ,Tanısal görüntüleme hizmetleri ve medikal (tıbbi) laboratuvar hizmetleri ,Lastikler ,Kişisel ulaşım araçlarının aksesuarları ,Tren ile yolcu taşımacılığı ,Okul servisleri,Taksi ve sürücüsü ile birlikte kiralanmış taşıtlarla yolcu taşımacılığı ,Diğer bilgi ve iletişim ekipmanları ,Spor faaliyetlerine katılım ,Eğlence ve dinlence hizmetleri ,"Görsel-işitsel içeriklerin aboneliği, kiralanması ve çevrim içi yayın hizmetleri ",Şans oyunları ,Paket turlar ve tatiller ,"Yatılı okullar, üniversiteler ve diğer eğitim kurumlarındaki konaklama hizmetleri ",Kişisel bakım hizmetleri ,Konut sigortası ,Sağlık sigortası ,Özel taşımacılık sigortası ,Başka yerde sınıflandırılmamış diğer hizmetler 
2025-01-31,0.6638859416614271,-0.0006324310567460292,0.058997582692821966,0.0002803341220205502,0.002859642193429439,0.005856078538726946,0.00010434708574477593,-0.00015032272918301398,-6.051729145646271e-07,0.04820080907013323,0.0002472391433610962,2.000057561178294e-05,-0.00010766255353762219,0.0258031662127169,0.05620727855207404,-0.0007169100861806325,0.005575457581417981,0.0068231928298413515,0.0014702041208198926,0.0014411549870503913,6.63412065613829e-05,0.0002658655892916327,0.0005209319671138305,0.02107650558186379,0.0064066071857036356,0.010877205266518619,4.410334052742547e-05,0.00035456046644473014,0.07949849994925369,0.0004424788633076379,0.00017256584987846053,-0.0012088241047254929,0.0007712040410802966,0.03150392023650374,0.0,0.004572553915182522,0.0005302375487701909,0.05526626898115131,-5.756847678264988e-16,-5.9815140887868005e-05,0.0011528675776210904,0.00150231568375371,0.02613584133659941,0.040529025372462064,0.0010448165826221858,0.0037841898080316276,0.004814615300101422,0.002850831588865724,1.627007629001052e-18,0.0009478418444900847,0.07324201657829776,-2.368456974850542e-18,0.015396685172713923,0.0006840183256693749,7.762510523168243e-05,0.018612892343256655,0.006672183209348861,0.0,-1.516033283507198e-16,0.0009698227049523389,0.0020713849784775033,0.00029443736058593686,0.005228613981829896,-0.0014197860361237823,0.0026059372322560026,0.00042594199189132005,0.12641552199373676,0.011727977920931373,0.004572153035615122,0.02147665682423176,-0.018905158222522214,3.3713055269312413e-06,0.0027203077905494587,0.002519199625202513,0.011159805082881573,-1.787825817052038e-16,0.006729332570991316,1.0754875441959653e-17,0.004459002997637051,0.016397863420501785,0.08895090661825418,0.0008883946260879473,0.0009275852492932216,-0.00029384902278252863,0.00022267692302005418,0.0027016292124249002,0.003777670856195389,0.00024246154098204702,0.002110387686581076,0.1154732460345512,9.227799316168911e-16,-0.0009116665008743492,0.06629514332573372,0.005008036305286749,0.00150968171994181,0.0011004174540585722,0.009729853598585237,7.957575312553237e-05,0.029589739813658613,0.026430530682410826,0.004005858612753943,0.0030834039104099802,0.0019084174282017737,0.015019845513565923,-2.479949714453095e-05,1.039841249191022e-15,0.0017070336293875275,0.42152679743103955,0.0002475618238782166,0.0005748482645521986,0.0007338964601489755,-0.001419922737565079,0.008929489501886113,0.007057817563305504,-0.00019972348575654148,0.00988923925253626,-0.018574552818827403,1.319933088860436e-05,0.02377911589869969,4.2187075068053615e-05,0.004677679721846035,2.0818407287991967e-05,0.00499303863293207,0.0008460226112250163,0.00010277259675570716,0.006990942013620304,-0.002172631704610896,0.0008457612189453863,0.01668107078496179,0.0152073387840803,0.010003647388799063,0.03266727620608323,,,,,,,,,,,,,,,,,,,,,
2025-02-28,-0.3073073454730288,0.0017262147816304327,0.026352330212645925,0.001484209852020196,0.020411565032963545,0.022239438967908167,0.002614078673540374,0.0029020345914832187,0.010481683214568433,0.03496782419470786,-0.0024861160241444304,0.0014842761942888845,0.00028789439557745856,0.0,0.05204131814983183,0.005607388693273423,0.0578882395020569,0.011743686158310476,0.020037116265037874,0.009035183888155985,0.001942032566136665,0.005233256191384088,0.0070499896042648166,0.0727789825562317,0.024667461803105552,0.001324981725674721,0.001162135254503057,0.009679189505275725,0.03972340303819448,0.00737539887716899,0.0024082908780460057,0.04557146080498556,0.009153013498767392,-0.011471599338222576,-0.00016963162642211134,0.173740451435223,0.006930371446644214,0.36225192668223455,0.2115859987548674,0.008626107044747817,0.03643518040433393,0.12808937475387594,0.03285357533508962,0.13064980776246962,0.0033479983574897245,0.06668196649444258,0.07556304101624679,0.0032519087351034898,0.0006784923061254777,0.0011017142393268484,-0.026461369379567595,-4.4607287346920905e-07,0.04364143526266169,0.00823597686719956,0.007792080544631729,-1.3525936450236252e-16,0.00022294228046518933,-0.0025469281490924298,-4.28292341948504e-05,0.02755781067196476,0.13333890462871417,0.0014633247938553985,0.007309066825212259,0.0020924685481303936,0.0015043326257814847,0.014489262960911152,0.3218055427928396,0.12592971270648498,0.03751657739637017,0.029096857955124494,-0.007309962177080704,0.0004300008834977622,0.015579510989419414,0.04871268434729945,0.00865728363153045,0.010709265083984757,0.010513434042464907,0.0025767283918782147,0.0036229457028263564,0.0211124665938598,0.1383857465689004,0.014802792359681826,0.005103940214032192,-0.000541982729105402,0.002443667631736707,0.02495646465841896,0.02323032917382435,0.0008193629338885877,0.006223367379410716,-0.24660138878389157,-0.036481805155949,-0.0030588841695057102,0.027969463751531472,0.026220909563042703,0.005101933076028013,0.03806314284864459,0.07372576412149451,0.13892990102231564,0.07374427794400486,0.09445254512451051,0.014855055816064881,0.016867112457931998,0.0031669040005035455,0.023840043621473406,0.0007976082624638297,0.0,0.0262592141155873,0.1840391448743202,0.014106102269459466,0.0030190322805753182,0.000497482671179617,0.002864153861460516,0.0019307555150210357,0.026409186722832885,0.005255608556549151,0.037386214585751774,0.03448233649431324,0.006735622521324154,0.025899998760312914,0.007027372595074049,0.0025262328949712818,0.0012743020182042573,0.03279099278953941,0.011608285789198798,0.00018870592587163235,-0.01413467582967312,-0.05734968686956398,0.0064167716022882244,0.062458890082759365,0.00015218951339009967,0.021620884874340447,0.0961511445491082,,,,,,,,,,,,,,,,,,,,,
2025-03-31,-0.01129965861403022,0.0021238071402876865,-0.031049253412080813,0.0004958510893929155,0.0168963742133968,0.0034035259567077266,0.0070056163578618245,0.003309303428642506,0.017989811594311747,-0.03829103328481848,0.0011645420184281882,0.0012003652756550996,3.97078170050598e-05,0.0,0.04511211893149759,0.0031450515491823496,0.016266489669382836,0.0017575040460607301,0.014952321839839735,0.008803398852199445,0.002082112145214231,0.0026949775668824,0.004474938910544788,0.018611655469061437,0.027382168212073652,0.0,0.0008962329247184988,0.009151792611451902,0.037748083134740214,0.006233483520177504,0.001297846001970547,0.09316171763064739,0.004893852316979652,0.10160771735203064,-0.0004926223795555195,0.0575580095665853,0.004376345600391701,0.05747137677336179,0.0,0.018437183741669156,0.05451786662985662,0.18651538311070814,0.012937883399189365,0.28408037477904174,-0.0016013285001917536,0.041813136111413976,0.036354806975983055,-5.3734349678659535e-06,0.00023063073402797561,-0.0018830133057503404,-0.04431201208144524,-1.29542753916712e-06,0.08367345230241871,0.005636322491235847,0.004048288034395015,0.0,-0.0008915541888958656,-0.003505706224010709,-0.00012437916035276688,0.04011616050432693,0.2054274360904652,0.002054169731622341,0.006817216921741926,0.002938470953235774,-0.0003625308799394642,0.005718285369311184,0.28148309308919306,0.06929813240902538,0.008906442276224011,0.027342846281183247,0.00975663946028483,0.0016269599485671973,0.006583714983171837,0.050206292651276005,0.010946827826958834,0.07109181249638138,0.007907886021217907,-0.00014436659840597675,-7.181090249075341e-06,0.02667594372428063,-0.0761887124762102,0.010684436798947369,0.0034029917903259494,9.22933923105049e-05,0.0033249117894174245,0.019155224665277516,0.0041299675962837585,0.0005027986618214946,0.0041793058696074446,0.41958037918875657,-0.0569352701614157,0.0023705563839295663,-0.027259200082954318,0.006941471478592214,0.004432336612683422,0.028447859851312547,0.16588604319825653,0.1522913357083037,0.02721980313156171,0.025738299514502083,0.0058042649663126895,0.015523530063770774,0.0016780169992272457,0.014638392133320728,-0.0010570830747776816,0.37520851498068936,0.010554267529811213,0.0423339068683571,-0.0012657636871525621,0.0008180394235891123,0.0010858536034772518,0.007622128281637838,-0.011953119918163151,0.009878258466818148,0.007337721244689008,0.00794422615528757,0.10290794979951227,0.006239039366012529,0.0026078493239098475,0.013771264505439224,-9.110180738178202e-06,0.0014328947512616483,0.008100651103845275,0.02105933704710171,-0.0024515453353424386,0.027407779596708863,0.00948538896218375,0.0020083309521279394,0.00781446334895764,0.01712284802585444,0.031784838182533984,0.017996363722023064,,,,,,,,,,,,,,,,,,,,,
2025-04-30,0.0,0.005386112349867612,0.026469239726049976,0.0002186493270650656,0.004818275535299828,0.014795725406639414,-0.00023576640236191293,0.0067031870868996275,0.008386228141558824,0.023933689387207826,0.002081348776522444,0.0009475653730487507,-0.0005067064976143435,0.0,0.32792220999012367,-0.002212952526080817,0.022328057392480106,0.00030777796585372303,0.004015295102712559,0.006952231441899866,0.00031473335215030136,0.005848390743581455,0.0009076784020615732,0.004850592085875851,0.00875722621717817,0.0001186077999950813,4.065871592513809e-05,0.0032994483617221643,0.026869758633022545,0.0015792546088578621,0.00037541431750984065,0.07214470536289697,0.001429699362262762,0.002389483801879572,0.0,-0.004437689932322973,0.005500135622288982,0.0496866977039243,0.4186654199805049,0.008609089500893912,0.017106226876769645,0.0342622756927084,0.010487083083047868,0.23387155337503374,-0.00031540830779442665,0.00137474867547021,0.018715568659564943,9.468964395934418e-07,-0.00013002280439654355,-0.0023258826732411313,0.08141456807618551,0.0,0.03143101597995301,0.0015996289671749184,0.0007128112818652885,0.0,0.0,0.0003035547329701285,3.159617633906982e-05,0.01434721852229265,0.015821807003529854,0.00182447125872659,0.009068179187921535,0.0003700740646665028,0.001485937194060112,0.00029476828577831556,0.3317220766480876,0.017507623105917157,0.005796285644457567,-0.03710193290819329,0.012593508618469923,0.0003124315262370442,0.003898936108716844,0.021644153364087072,0.006363806379643507,0.02918117020381519,0.004838455330310075,0.00012848785185439222,0.0,0.024168664400897533,0.21882766932408243,0.003906589893038549,-0.0006660356439294287,0.0017814131211100841,-0.0002215126003194102,0.0034603764871725595,0.002013233747709584,0.0,0.0019893715262955664,-0.2860151161374022,-0.08410194304620268,0.0117686245103203,-0.020473630210948928,0.0064333707113591945,0.00034985349454004993,0.05728906239253421,0.0,0.11318525740159242,0.018855474636599617,0.0238585950848723,0.0034797410438565843,0.034268452147378205,0.0004364505626713595,0.011855007805166705,0.008093052999102025,0.0,0.0021909055956817873,0.03230330777206543,0.0,0.00033332497522310477,0.0,0.0052731360000022745,0.02325017590902653,0.010172594620430315,-0.0011739290308617788,0.010129660257109785,0.10759165254408881,0.003179183614449643,0.00784520920626269,-0.010021960397044947,0.0,0.0003516952753617987,0.0059837450456152125,0.0027729278611474707,0.0038281136599751125,-0.015362198575842874,-0.027726828707644514,0.0012881201956254295,-0.0001448106394453808,0.014778968364078911,0.0640163256806937,0.0,,,,,,,,,,,,,,,,,,,,,
2025-05-31,0.0,0.002010857877455442,0.01798140734731054,-0.0007912584273764616,0.002100218372537412,0.0038465402938357754,-0.001491108045748742,0.0061386674926968005,-0.0022527666896404648,0.016586157193380652,0.004017297775606179,0.00037904220714643304,-0.003572663799835446,0.0,0.30349802762384703,0.0036978189530143773,0.036783974432498666,0.0002898375937485294,0.0015168722118988074,0.005035178913070214,5.788842013637492e-05,0.0011240694675800607,0.0035138692550002537,-0.0006446988418386752,0.014811239764564983,-2.784225665512479e-06,8.851029088381362e-06,0.0012243304089504746,-0.012239502296006557,0.0020105538336302937,0.0007997227856551169,0.1199438897126134,0.0030536393838646184,-0.15078856749015507,0.0,0.059085020327574816,-0.000993895804004317,0.00844408939148437,0.09135219317319158,0.02041047371951871,0.0011486358623840492,0.011258901899778625,0.02812157942041166,0.004486585499394245,0.0008179313042824799,0.0022342721894630948,0.024284146313717614,1.183461975398503e-06,5.0772467724832946e-05,-0.00023402554140453048,0.012433086567760206,0.0,0.01205256395282956,0.004738214082815207,0.002179721318977677,0.0,0.0,0.0002910095180934351,5.766617106040192e-05,-0.0005306086339695806,-0.009690667561162616,0.002003128066990299,0.008192304170677423,0.004960344673597266,0.0016209305282002856,0.0002941120191105491,0.2828508102590942,0.004491005769484942,-0.0374945173339918,-0.006988517125169464,0.0019192749561255848,-9.886341549467304e-05,0.0038519454153014736,0.03675441429304537,0.03341098308826238,0.01514530340455471,0.007779774833248253,0.0024084660370711154,0.0,0.010221479463512468,0.18133927447053144,0.012933644549969198,0.012139232371141458,0.0035739081427575347,-0.001050432252814224,0.013379425749251186,0.008226628637860778,0.0,0.0027843810660828075,-0.4483052099734998,6.558084590911335e-05,-0.009089451512685684,-0.0006290895672969807,0.0073533312482326274,0.0017814112745788981,0.03081108404156056,0.0,0.21256680399186273,-3.0256916355947953e-05,0.006453561500544343,-0.0007052973870925003,0.09622105180253035,0.0004527730299286566,0.029772633205001665,0.02534396253974401,0.0,0.0038506017304631135,0.13706978491233196,-5.190082573429083e-06,8.00591694752558e-05,0.0,0.0048099773517503676,0.001207790049589013,0.009348422117555417,0.0007590635196916304,0.001695450017157522,0.12230384978108261,3.938629610854494e-05,0.0,0.0075231210770410045,0.0,0.0002684681071076683,0.014026778114822565,0.0011477061147808494,0.0006315783592005667,-0.05562736236521157,-0.009475681224660743,0.0015940341865870416,-0.003114826956031415,0.022064137823270113,-0.06566187224231332,0.0,,,,,,,,,,,,,,,,,,,,,
2025-06-30,0.0,5.5115159550295776e-05,0.012140234610886447,-0.00047022513376321964,0.0012069866355307335,-0.00839366247789972,-0.0014617770268344635,0.0043444623749692764,-0.0011980669820874591,0.05381702181506473,0.000277592794278598,8.681618218422114e-05,-0.0004391291643802386,0.0,0.08931121194548804,0.000684742099572994,0.011602522132764876,-0.001426143284442608,-5.499157288871263e-05,0.001014159717091499,-0.0001679429728957393,0.004301499945165976,0.001930285515355497,-0.007743676589020764,0.005360988089920561,2.088943631187963e-05,-0.00017033975281046214,0.0019070739128735116,-0.011603586659466016,-0.0015696731048576232,0.000464540414238744,-0.07545967700542575,0.0007853623422261425,-0.0660750347272682,0.0,0.004841110890991892,-0.0004601668845875217,0.07119354612924876,0.0,0.006181468664009094,0.0005081496145694045,0.02107758565268261,-0.008172991759590726,0.09016254832275308,0.0008789509393579962,0.024173396072774137,-0.00040717582611206105,-2.5346271251981123e-08,-0.00012791804544991686,-0.00264618493613179,0.033272791647003336,0.0,-0.03987886772835501,0.0015679372495070853,0.0007423628057903058,0.0,-4.8494240181479706e-05,0.0,0.000841605411685633,-0.002613967251114252,0.020338101810213227,0.0004813517718875181,0.00541471789376392,-0.001382112842780801,-0.0013841275752001325,-0.00015335082550619114,0.3673776020584522,0.011711467356290571,-0.041125067065731866,0.029754259082832125,0.01734444426020626,-0.00018794129629995832,0.003353505552015571,0.014420274267025038,0.01655776105135108,0.034876652773272274,0.0005757781689973464,0.012229995517439848,0.0,0.03241515176763818,0.15703306840365694,0.005104378792979489,0.004052194475389783,0.0002838331823863558,0.0007604323004329412,0.0032557028197154132,0.012306837893457639,0.0,0.0028565334803070247,-0.11775086676804877,0.0,-0.007051787330949251,0.09513308148398211,-0.00016396717157505673,0.00034147045690248494,0.011720507293508212,0.0,0.1385227495289828,0.08901723964356265,-0.009061826060670183,0.0043592537631660135,0.014722891655264098,0.0017230242034638465,0.015848039336699468,0.0037370695936396465,0.0,0.002225927660150327,0.1240723569923213,-2.1488875814839575e-05,3.7851851522485865e-05,6.080070263048477e-06,0.0007884247873171081,0.004380194152380281,0.0033774481323985387,0.0010912468205843192,-0.0010311581696144975,0.06499479642979884,-0.0005860640998558997,0.0,-0.010336552231332716,0.0,0.00015572448661631751,-0.0002895988964000341,0.0026144182116141297,-0.0007431316444577105,-0.022848172477579438,-0.009150298324808596,0.0004231449720463121,-0.0035642753719229824,-0.0018918135202151136,-0.02825796089447255,0.0031177862586363133,,,,,,,,,,,,,,,,,,,,,
2025-07-31,0.0,0.0037004510689009214,0.009988975531262854,0.003315962317010937,0.004378733716614662,-0.005624728557578516,-0.0025414573700005528,0.0013742862361054466,-0.00034313753937463597,0.06160427587270354,0.001015657809843528,0.0011028685565880555,0.0025013130474358346,0.011126368318427764,0.19524988035015117,0.0007179389931483696,0.03791373647838512,-0.0003381878734303613,0.0021830044243554337,0.008920483786143317,-0.00012896525079660932,0.017863330582611123,0.0020822953404081744,-0.000743413485043556,0.000999478673968172,0.0009577786598303906,-0.00015224584910205393,0.0029682706804950907,0.04393277722993072,0.001536381592718465,0.0004118694846379462,-0.19894600240249047,0.004493808944792116,0.009218971261752742,0.4307299075845526,-0.00180447493110937,0.002407238576074683,0.1682702073342631,0.0,0.019426210283469785,-0.000537078697604469,0.02860775431113209,0.004443609962207778,0.012155927337462919,0.0024579035935209277,0.015939198972711233,0.008582324702847097,0.0,-6.550228072956934e-05,-0.0003171956974361496,0.047868555912207386,0.0,0.009121488586172276,0.004377529916263554,0.001151712781106219,0.014414579420311994,0.00018535736160066795,-9.422168954853116e-06,0.0040751936479436895,-0.002796269646390368,0.022663709449963935,-0.0007557277874259985,0.0029573425205092064,0.003012775016888283,-0.0014621376291718605,0.001554342860638138,0.4374924025551279,0.01741244775743072,0.02220422174661315,-0.02614502939904317,0.0021934530993337094,0.0002728276898961696,0.011717587078199181,0.010285948611259312,0.008440948824828405,0.005032575368972182,-0.0016157845067625537,0.003931518134731053,0.0,0.03649218404534182,0.06056813288962675,0.015617697042866668,0.006877540021050775,0.0029824591634296143,0.0014790238472532115,-0.0033350265126966846,0.005007187516586646,8.215535212139453e-05,0.002043078949374215,0.08703132265974682,-0.00028249450183109805,0.004565249074607568,0.13860064197201738,-0.004309149140073287,0.00013120985361112248,0.010421695027227357,0.103003628156598,0.12178103533238044,0.007864138734785158,-0.006032049225744195,0.0040585915098455185,-0.010384171740440805,0.0006301755798187491,0.006632452295559828,0.0005723427890815697,0.17274550266983482,0.0034491720939838553,0.033583674790080564,-1.6041466045505564e-05,0.000967733152931418,0.0001234518079256095,0.00034340687327721946,-0.012021556483324968,0.001693369807280022,0.004922198078574771,-0.005249375222712607,0.019054134113962732,0.0037792593539609062,0.010165061343292429,0.0026160153999009225,0.0,0.0003061538869967155,0.006043229687784922,0.0024626561949871867,0.0013626309748139911,1.1908003770829682e-05,-6.542801422695772e-05,1.7066099214182682e-05,0.00513180688973948,-0.027059857979100734,-0.0013620018668462732,-5.774721563660729e-11,,,,,,,,,,,,,,,,,,,,,
2025-08-31,0.0,0.003883279549691722,0.005678186166955092,0.0011823545772509346,0.003796733069331468,-0.001573594273992565,-0.003914512429583013,0.003449481639538712,-0.015630385419697065,0.01251462377447148,0.0006938751312623794,0.0011861583102246295,0.002340996611792087,0.0029907454045767744,0.35961797150242936,0.001785139471740252,0.03686347393182696,0.000915307361848336,0.005354950144175713,0.004245447964353095,0.00044734438850449205,0.03711739691030182,0.0018431689129878995,0.02548944467171365,0.020485067942581186,4.1065613510848516e-05,0.0008094250258512228,-0.002387942656059549,0.0061565445658673034,0.0019056062374516124,0.0021741078676103583,-0.03977989773715041,0.0005215626577607326,0.04775906651534452,0.02039461938090367,0.007013115537851772,0.002053934271372531,0.07432318093009838,0.0,0.014830382101426365,-0.031170793369105124,-0.13197125651273559,0.005014806403733239,0.05046629198420581,0.0022769500943673727,0.026259476724164326,0.01949201486848481,0.0,0.00037320013944803056,0.003741258532805677,-0.009889806744657465,0.0,-0.015359986270169318,0.005990787272081132,0.002457068415459266,0.007464716301091624,-0.00016315672101864748,0.0,0.017441477570232074,-0.02826686317050751,-0.08199962063495929,0.001076800875896823,0.006913636308848114,0.00022099385355686175,-0.0027071168726787585,0.0014970141363394589,0.2987099112426685,0.02601299630004204,0.022544024966777192,0.013891813489813049,0.010101657672346416,0.0021991925382032116,0.015879546727106467,0.007954319132124285,0.008361975025784006,0.014699659586850093,0.003734150947894793,0.001992698747395222,0.0,0.035790418625257905,0.25790458811602035,0.015629845715903798,0.0037353153931583374,0.002219569868379566,-0.0007406784367776522,-0.0026467838352398133,0.011749197658346125,2.6991013583991865e-05,0.005942541297868653,-0.036617325073282816,0.029091517945996365,0.009137343550086571,-0.012531981801065998,6.297773108675127e-05,0.002394330068503422,0.011020378875161434,0.0,0.07060345047742729,0.005247916305327597,0.026413807814954084,0.009002981059879036,0.03583908946376653,0.0007816004953068998,0.013607112934544894,0.0014576162986643432,0.2506074248719575,0.004461074995237162,0.033151403935240256,-0.0002530852360349354,0.0023517073667287595,0.00037269763941510784,0.000654338725398383,0.03539670762807666,0.0073067475580511545,0.006766833609147001,0.00971651300430473,0.10919085624436324,0.003704543158298827,0.009468008739963141,0.001313231561205037,0.0,0.0005801305744028854,0.008881256928935257,0.0034986188439879743,0.0005064314853219773,0.0009868800468677405,0.02211390464709103,0.001159330993441944,0.025868866602854035,-0.025408188988155393,0.008346118982715305,-6.208825802664762e-10,,,,,,,,,,,,,,,,,,,,,
2025-09-30,0.0,0.004488671174080431,0.0823515686094565,-0.0005622030386016379,0.003900532351342175,0.012083680070025363,0.002126238990833219,0.0032970796005551096,0.00814213583838886,0.03254792613975552,0.011271182262014633,0.0005119040554384417,0.001757781985939159,0.0,0.11350537315265949,0.001203262301793317,0.10410636769286327,0.001072832850656171,0.002983388376815797,8.396723053721229e-05,0.0005362942217827793,0.02870820765085928,0.000656651899057143,0.008892546124613413,-0.008443794914625989,0.0041797170428321305,0.00038131274941929894,0.0041483804211247454,-0.011044862867954714,0.006509929592181759,0.0010266747396915816,0.008022223242579103,0.002215970585257359,0.03215298880051295,0.0,0.003101340863511512,0.0033972906503009336,0.13117917208112675,0.0,0.008210391783683544,0.014421349249219784,0.053998867737584395,-0.0029997496536859816,0.050521468463607604,0.00300298983215142,0.03184708581908996,0.011734588150826817,0.0,-1.79045798475362e-05,0.0034286106280370923,-0.023893640556923095,0.0,0.03955737067249856,0.0012041508393063607,0.0022386360494888774,0.0,0.0016048196911161014,0.07477541123560814,0.006594090032961548,0.010064018729410137,0.007263759394987133,6.280427098872063e-05,0.0034403671402530173,0.003769956846411141,0.001150207156852012,0.0010803688673189306,0.4156660558980003,0.013546405513842962,0.001115805321263755,0.00793140843464394,-0.014480624814634252,0.0029170774165073335,0.016707974017734006,0.005121794212366769,0.008976476045944516,0.0612455124710527,0.020098717178893177,0.00042070083506879973,0.0,0.059238526689979976,0.15250846561111847,0.014999960115014177,0.0014404877611008152,-0.00010475430625460754,0.0007731418263247565,0.0036991982927585074,0.020636170840607024,0.0006463966317142771,0.0032182039855113078,0.08114036775261166,0.03773340155949523,0.012557265196454396,0.046075680866055325,0.0033967325561437187,0.002368994079629249,0.03698492803583256,0.0,-0.07255442919464994,-0.0021712827404405674,0.02530131987407361,0.0028143482284953753,0.02093833076798865,-0.0006124574492873923,0.030861577671961737,-0.002251009887858913,0.01445667666684657,0.0007308702030858219,0.04087725557896914,-1.9896393950421114e-06,0.0009876526789957428,0.0002796795267881251,0.008201587494021894,-0.0009126285398629104,0.015311810775069164,0.002909305056951382,0.020743965400376724,-0.1769880294269786,0.0043537010752093906,0.004699678652784712,0.001089587152427139,0.0,0.0006115662653110843,0.006641295682268483,0.0034295343590464615,0.0003505127233361399,0.0037501621347856636,0.027402007992289045,0.001389283974492839,0.021294884724956997,0.010094352438991313,0.09384227891357458,0.5759597264959883,,,,,,,,,,,,,,,,,,,,,
2025-10-31,0.0,0.010018424915216107,0.027031402180958324,0.001350758551576441,0.01234740029542629,0.013349232006795492,0.0025766748321136186,0.00476602171765028,0.030375589566864782,-0.01080997893951596,-0.0013177194316593937,0.000976624697425034,0.00318566839731604,0.0,0.22249523192573545,0.0004595080749066227,0.049268837744919684,0.0006743985617461342,0.001781222240648473,0.0014904437058413703,9.303843203713969e-05,0.03893092305771296,0.0020983490784333664,0.03728607687257802,0.03222630511382902,0.007728863869383844,0.0004644537911371131,3.490170475630036e-05,0.03939358762571438,0.0019991279495860307,0.0009102600796246758,0.00136185708031485,0.0011260790543484466,0.14318361363958224,0.0,0.004994442421631323,0.0018472345448655627,0.22747748101657256,0.0,0.007131827326063821,0.04030735649702468,0.31156954299351475,0.03592783273921474,0.03907324830843163,0.0017275032771472887,0.004918164708387623,0.021970836627150693,0.0,0.00034359419311989683,0.008544755984003843,-0.008565997694309779,0.0,0.02968922412148029,0.00441723551317579,0.0009920465787327717,0.0,0.0008756092437370354,0.01048710028104912,-0.0008293582538904395,0.055574089070470116,0.43749292078239765,0.003632611270492371,0.007673442305544423,0.0031154624204311164,-0.00027150854194277386,0.0010290363629761711,0.27845160983483697,0.02030446633951661,0.03635497462891581,0.048684493350875595,-0.005592618078675389,0.000284574271257238,0.011165755690610093,0.007626618171984949,0.005216983066488656,0.01301393275751609,0.016174334257776715,0.0018162728643216451,0.0,0.038654588229529774,0.11091579010109537,0.008602402283919251,0.02529083949849589,0.006661235182288252,0.0008773698732493151,-0.00015077637017683082,0.008797314049612117,0.0003387681178734404,0.00333716642666443,0.1782690125645831,-0.00037901585414210363,0.002811531234599609,-0.016784748668176926,-0.0038416127763228713,0.001069106468048806,0.08755357743845757,0.0,-0.07149865082602844,-0.016941508484588537,0.056569786595759175,0.0158040453022178,-0.01375196882243382,0.0022011508665919933,0.04191149414721156,0.0037074539848120803,0.07165907942085062,0.0039071249208723164,0.04571570954123718,0.0,0.0009802119420542184,7.977919684545104e-05,0.0017190318231363958,0.004442560660634733,0.021300345833050446,0.0026310997073991055,0.014934541762530317,-0.10177862788259069,0.007150395820242932,0.02110769620176711,-0.003231352008673167,0.0,0.00022946421820438983,0.03405475850555803,0.005745040636385826,0.0020981066097749777,-0.00424429807391738,0.05797986998251587,0.0014251908798844043,0.019553456848966515,0.009929895429396502,0.04476508817686764,0.0,,,,,,,,,,,,,,,,,,,,,
2025-11-30,0.0,0.0019477914061978923,-0.024456660908967014,0.0022267159646176776,-0.003836080767310835,0.008308374618821683,-0.001288901488104611,0.002535397865555224,-0.00014476188891012398,0.03468951743436108,0.003543673082895955,-0.0004469222415355132,0.005479553045994705,0.0,0.03670070293597187,0.0012168310132560317,0.02719764871920096,8.828480478326574e-05,-0.003952895758967973,0.00013115144895880967,-0.0008144334763296647,0.01863830551976759,0.0006443718081078448,0.020031930757989126,0.002378483872975948,2.5265515795094885e-07,0.0006410098319634485,-0.004763860480779475,0.017027426690146442,-0.0010671542262384365,-0.00020931914323612188,0.0599685336947514,-0.00027448720610071973,-0.04207058000462064,0.0,0.002417123828540374,-0.0010446225663371571,0.08983076338219376,0.0,-0.004999047862640639,-0.004684381124146746,-0.041955874320162886,0.026528039116370354,-0.03133026271770236,-0.0004979232222812591,0.0052009373745706645,-0.004345968619993942,0.0,0.00021415930600891787,-0.000532496995404787,0.037088366193840434,0.0,-0.030565389994053824,0.0018100432987585167,-0.00032477718974811137,0.0,-9.583546369744423e-05,0.0026045537600204644,0.008527948776785352,-0.00698592410046142,-0.017750201476185896,0.0027434315100183793,0.007911403885371036,0.0038971547720297243,0.0017467654664701112,-0.0010350189722590213,0.2862484349572013,-0.004399912001876515,0.0061498413473516965,0.0019727031532679284,-0.001999984126045465,0.00020123904952429184,0.009135135909890716,-0.001929906954858092,0.0025237171514219023,0.00045027876847918743,0.007587121731856016,-0.0014264147256847453,0.0,0.014922064906156714,0.10619483645182289,0.005821346831760414,0.01201770823066789,0.00454711778947609,-0.0008157452509567437,-0.009302320502521298,0.0075288777228873045,-4.638548652242876e-06,0.004294183271640942,-0.020753198659219815,0.038001754001642074,-0.01156594880464077,0.1068151570580047,0.00685597786402194,-0.0008225584467684175,0.010275309009870207,0.0,-0.07315295345249682,0.012109060703506726,0.033001808466754184,0.0017649199638966882,0.039033790963067125,0.0005880039776710825,0.03409782891092765,-0.004259278791874068,0.1376275133740506,-0.0014512307506096677,0.04319441146403428,0.0,0.0004754648485782592,3.865144826540892e-05,0.0011377917943207322,0.006086381800844747,0.009361502134872062,-0.0029789564261827545,0.02003660056568904,0.11947802627444117,0.0013434539559047157,0.0019043108817913637,0.008515253991999285,0.0,-0.00010085954382549145,0.010952779578387584,-0.0015297673127765647,0.00011391633790492226,-0.0031353614562210363,-0.03405865714064181,0.00016111059259404592,0.007013433930880971,0.004566790283337858,-0.019248736773918522,0.0,,,,,,,,,,,,,,,,,,,,,
2025-12-31,0.0,9.342086902471273e-05,0.040749587793171005,0.0003027899708258818,0.00839604991443428,0.012591858997295237,0.0006865986922725133,-0.0006362647224743643,0.0015269033968246918,-0.01598088622978184,0.002717586223374381,0.0013173644601754855,0.010114654245861408,0.0,0.02198652733105645,0.0018273681928428008,0.00694704302231822,5.009688230373224e-05,0.004896815440134495,0.0071158858638501864,0.0005720350826497854,0.012950721384399035,0.00445874408518999,0.008698152561284067,-0.0073920901629398565,-3.2718719761888883e-06,0.0002717226273573343,0.007977201779580794,0.011440126103633428,0.004931308484426049,0.000893521675245046,-0.029058110543358204,0.005254687384189792,0.004747210667933762,0.0,3.9352678812710786e-05,0.004155781619460935,0.02662742360686327,0.0,0.014466520938481189,-0.0016261587345180887,0.040614317458699596,0.01270472470905527,0.3944308179317924,0.000549668095657277,0.024018137543540853,0.00879592738695076,0.0,0.0,0.00014628285599296528,-0.09367179494838981,0.0,0.011728437483430602,0.005745655332937313,-0.0004496240809780491,0.0,0.0423413365062663,0.0,0.0003785455402307284,-0.008009568931428646,0.001719703356592968,-0.0013308290833969907,0.010000223349255152,0.003085283713779027,0.0005178029930908059,0.002411337947532171,0.20119936151443527,0.04399429029366736,0.020737307741029137,0.0,-0.001760626660521579,-0.0011488918203248673,0.0012888224958143666,0.012360027849493027,0.015465916940062064,0.00030706648049804054,0.0036273296666187826,0.0013672970023633937,0.0,0.025507001391724814,0.09485291395266275,0.0005491223487850839,0.021374649734349226,-0.0025455585254618917,0.00097984447574435,0.0012865084006896212,0.008284928134841834,2.03794021991754e-05,0.0010320171906395234,-0.009808747377897949,0.08817416570304074,0.0046761316886386175,-0.08968512749271558,0.01392872610751048,0.005518057825573235,0.012253111525268522,0.0,-0.03183186057562607,-0.010056872791035645,0.04336740897363741,0.0007198113377001474,-0.003090629732567295,0.0009051398235690004,0.004207114408470668,0.007032398097094144,0.0,0.0015159001469609765,0.01875196301699569,0.0,0.00046890085488719886,-3.871553544732926e-05,-0.00015371184740082,0.00451380010770084,0.0048840756040637555,0.005445520575780515,-0.0021657508496008455,-0.1501064985936996,0.0004256345026022648,0.01878038523686741,-0.005289641878375327,0.0,0.00038548415255890817,0.0058582992583657316,0.006239279789549426,0.000992140132376135,-0.0002454989656536383,-0.017135669627533802,0.001014518244567706,0.0029558031388168204,0.017379256431280885,-0.0017919511840725022,0.0,,,,,,,,,,,,,,,,,,,,,
2026-01-31,0.07252074690202702,0.010108004771098472,0.03020915504409917,0.0011887727521622108,0.008055484167269228,0.001581735393101553,0.005337364509642196,0.0018552806773453562,0.0018933315687342726,-0.011320958211971141,0.002944531634611939,0.0012710976817976614,0.006533623818057824,0.04368249218034863,0.12427380792894714,0.002094672884279794,0.01407646547777145,0.04650393064441447,0.0047164434316325715,0.013275318968942698,0.0020898404103730835,0.01911978499130069,0.006792175241561697,0.020878409474733434,0.015203555048847522,0.0005833614764960846,0.002643912868760093,0.0005313663520308783,0.07526206534046657,0.0070060799143626335,0.0018969836758634753,0.013831688313225064,0.006263884287765437,0.05141293968837042,0.0,0.0040693893016313185,0.0059002401838250266,0.1477832827947146,0.0,0.020010832014335542,0.01169618590121912,0.095096448963276,0.04905124546410928,0.19633621039879087,0.013033906057529214,0.1373868297101312,0.021766379152746377,0.008053937918554894,0.000665252701442425,0.0010372011754253023,0.4713017811819341,5.5656921989180177e-05,0.008386508267564059,0.010488781812911824,0.0009118471129303898,0.0095734578201009,0.08198982320989968,0.07276654946103185,0.011112139848105778,0.005861121906378069,0.06374293758915275,0.0021863128588814613,0.013075252706244654,0.008587774623893256,0.0028223541758886765,0.004184969428262541,0.5141670306511239,0.04946959078585319,0.017383236217902918,0.0,0.0030492921636448515,0.0013501881660697795,0.00964198190005452,0.009529524690186145,0.009589300566203128,0.09138769538110493,0.009898733356458762,0.0021051176535002865,0.009483315474861892,0.016410669728637826,0.37214201891665094,0.01122545864324692,0.004424307130352988,0.007286075832234526,0.0017557368242073453,0.001724703868533916,0.008282160270784645,0.0009513854987510052,0.008479743775905156,0.673680404331679,0.06035365192247251,0.0055829389464111924,0.006943863340649462,0.013142570737059963,0.012538065782095821,0.02906624856006901,0.030034361376418836,0.15740022937293666,0.06882106990322147,0.05439892142041351,0.026872283163190607,0.022340674196718,0.0028541901978235097,0.013471664916255024,0.00618680036829036,0.003703148999433223,0.0034798238714391417,0.0035281088958931425,0.01984415351812186,-0.00042025142278045194,0.0002598676074856123,0.003586711394782984,-0.00364089701614567,0.016201027795535183,0.00418608556269884,0.012374797262612439,0.004466462278458814,0.004399494178806112,0.0043598882323926825,0.0018607993712612765,0.10170220171409054,0.0014540969326956648,0.008764664181764487,0.007566922324912509,0.00526848756938867,0.05947690191455567,0.056681605657732205,0.0016933048996080882,0.013498735946186516,0.020548792246979822,0.001401428370647871,0.0,0.013573099860973053,0.009623009811917828,0.08576538409542941,0.014560553146202335,0.0019081581832878687,0.00039507794519182696,0.006646455523420506,0.0,0.0,0.0006991909408011211,0.05425444995027661,0.0,0.00616729224695913,0.025903602905175984,0.00023518034034262724,0.0,0.002450496670609625,0.0,0.0,0.03494592359008107,0.031051743985178907
2026-02-28,0.0,0.005180736139438712,-0.015953105996544415,-0.000714400249424575,0.0009363475745984276,0.008173119306875875,-0.002855093523986156,0.002261100673998774,-0.00364134719273187,0.06446649770074706,4.7224459643997247e-17,0.0007397120966419005,0.0024070138573968735,0.0019461030755579829,0.16715947474481757,0.0019231561430514887,0.010009920034842522,0.00797036957329526,0.010692219072345773,0.0022178223445900084,0.001262615166189375,0.00863940078195076,0.00665405559396902,0.06920295615186778,0.005814017552857149,0.0027950140848127195,0.0020102079432863895,-0.016550334986077105,0.014673170174032428,0.008730724453486091,0.0006774568082305467,0.011240941789590708,0.003116705991490679,0.03305506959572293,0.0,0.005290758221337015,0.0030347707816102015,0.24479014490541512,0.05024828038311263,0.004479346967650991,-0.04665267789272926,-0.21519639773071894,0.026553651341794035,0.16899108265611062,0.012908545365670899,0.09079668323563328,0.008521685467800423,0.0,0.000486581402812106,0.0002544535063837201,-0.14658159035837315,0.04975086430750449,-0.0008613506003469799,0.00523413381140697,-2.4674334657251524e-05,0.004222251742284775,-0.00021116721296014052,0.02133823933770849,0.009634952523705498,-0.02716586580897411,-0.15830400646766793,0.0001494365980106435,0.0019927829916895744,0.011634652705443203,0.003510477361814134,0.0033279136473981594,0.20945647902133446,0.0217323445440015,0.038991871109405184,-5.905522197652267e-17,-0.003990092984071238,0.0011864910991239695,0.011994093109542709,0.008902569014307915,0.010684083823257405,0.0650264110295835,-0.0005405541249401191,-0.0009177928416782127,0.0,0.00945564511468162,0.23349727367756823,0.006708431290625528,-0.002452147130860715,-0.0007648217662123295,0.001100507707024559,-0.027858213946425268,0.01464431140886936,0.001592472081605513,0.0030462002443547315,0.8301967416761681,0.06189119911541146,-0.0010419118554349828,0.09642562716604142,0.010097368449328948,0.011596367746899598,0.050632437828498605,0.06661163752468237,-0.008645383965865016,0.17659130926533229,0.1248550133599775,-0.0058215503585185135,0.007068952849136204,-6.753897397394925e-05,0.01715069149495412,0.000723296552247027,0.05970496627925692,0.00276806113956985,0.014780905746032406,0.010712266462103227,0.0038227802849282733,0.0003229673463835332,-0.0014773721853887916,0.014335291362400962,0.006538618215861721,-0.0012380633666688571,0.03482484701969985,0.02354326155782243,0.0016406936960267457,0.029646395098516225,0.0020805441734585307,-3.1368421270238797e-16,0.0006394640046518976,0.0062801591864771284,0.006607040919467723,-0.011965928093115388,0.060826951911624946,0.041337810856603346,0.0011688366667393906,0.04653523669174695,-0.004194763563285357,-0.0006426753359202977,0.0,0.017036127610441477,0.0023529832501577408,0.0,0.0,0.0014618692616135442,0.0011581310816077793,0.009762238280044648,0.061700084393620624,0.051823462231954054,0.00021936951394356579,0.028704998342048045,0.0,0.00650708789991934,0.0045147439135774445,-0.00012671335545641377,0.0,0.006486409259186767,0.003323057897390418,0.0010220266927683198,0.039148773779470805,0.0
2026-03-31,0.02738819507030439,0.0021179576510859375,-0.016111760105931534,0.0002916922471573048,0.005004540759631199,0.0030082185515739254,-0.0020718059124512737,0.0012272871878837063,-0.0058547464354908605,0.08997670277518137,0.0,0.00020612394409318344,0.002823400785281927,0.0,0.04408284956924511,0.001075315435461392,0.0021815849610684755,0.0013537924116059175,0.002379214645027471,0.0020437811739489266,0.00015693923822731755,0.015105542356274903,0.0033167305067677718,0.006982930301739094,0.00574977968930341,0.005526535352561682,0.0022933524063505164,-0.0008086682471641939,0.003678792972825673,0.005497319614487856,0.00184449586176237,0.003484033667861856,0.0018064875584290288,0.023739327148014418,0.0,0.018597010789279764,0.0018961650623371571,0.07039172809879862,-0.00868311436405867,0.00470295343546374,-0.018810372802171467,-0.05703943345076579,0.017404578969704123,0.21325187225913886,0.0035453413324716696,0.01458427378950468,0.009482300859412353,0.0,0.0005144624202537304,1.2173298131174159e-05,-0.06764301503753813,0.0,0.011419700433291033,0.0011776294707858748,0.0007226865208778481,0.0,0.023567957958575393,0.04115890705464496,0.02564655986774466,-0.011985685958657006,-0.06470837211454536,0.0007786372734322437,0.0025740179873776684,0.0027815899068002817,0.0020775990644172244,0.0077713021795596205,0.1853317713313723,0.04063485152763321,0.011290697173852858,0.00540488388433546,0.0032518867264972467,0.0019229527866699656,0.002223317887806626,0.0060901727947432925,0.0062482574251842326,0.02591156268737827,0.00022633759538969974,-0.0008644938919327829,0.004131085363230747,0.006835504988776832,0.13149278580684248,0.022127479325648423,-0.0006969612839165056,0.000922655319185519,0.0010887251024930254,0.007766384475946126,-0.0004924088319236871,0.0011998637952525036,0.002596451325620677,0.3086129228027066,0.040407105923594165,-7.233380958279257e-05,0.2269199242203453,0.00969500438139469,0.005200766918569205,0.0010247510967835345,0.023760625843317278,0.05574253611560764,0.3175929151246034,0.046206868461982006,0.0043471760162352045,0.000600717372524534,-0.002143200511021997,-0.0077937943292895,0.0008165811260008288,0.14643930989863704,0.004195646744288279,0.013618095408822787,-0.00013327916553462088,-4.6288333806309133e-05,0.0005111239623096989,0.0001614023611857906,-0.0006736030535535155,-0.005891373934795662,0.0037510148450787,0.005021861843426998,-0.0037758153902788844,0.0036124778214479437,0.006374411769410895,0.00059060845501485,0.0,0.0005140346022210224,0.002351851458269055,0.005781456381930609,-0.001030423735652603,0.026026736388671885,0.03222627482011539,0.0018260216788079581,0.0050426122491359976,0.012917615730572934,0.007337139573624663,-7.406166900075879e-16,0.02122833232458496,-0.0031529077680087824,0.0,0.0,0.0005511906099878006,0.0011259417512046843,0.00019435410562431392,0.09171519140424564,0.0770359723193155,0.0003039153259124208,0.010729151086796328,0.0,0.000217630253449101,0.0,-0.00039816043077071586,0.0,0.004875551214842658,0.011442197454101624,0.0004511203059736817,0.020640430908478512,0.0
2026-04-30,0.0,0.0029495312529358784,0.02359709020397744,0.0010592583841301053,0.006611601566974756,0.007336718010221201,0.0005088582275548835,0.0009340155842056349,0.0024189219151244203,0.06331647613020425,0.0,0.0009121975743950691,0.005381129795107498,0.0,0.041786914075381675,0.0004089175790150798,0.024791417360340347,0.0045092391732815705,0.004291162673275081,0.003186807344536074,0.0006325339358031053,0.006273851235992224,0.004199345124238105,0.011857268607636627,-0.0034404017578862646,0.00034474364467112573,0.010150581140603935,0.0006874793438007607,0.02114899741748726,0.003294426768373814,0.0019595350667083065,0.04031672843019465,0.0023829555871164023,0.027268938587512375,0.2807147313817852,0.018059664360765174,0.003089845351493858,0.14924830835260167,0.13264441912971356,0.011727545521390723,0.010751651331691288,0.21098311580841225,-0.012562909398554787,0.19452316877577305,0.00632507030874377,0.0904155658704353,0.010588639375846061,0.0,0.0005913855229845535,0.0010584456582008468,-0.15728278315233912,0.0,0.03323816185419691,0.003450323406685955,0.0008026667264034715,0.0,0.08759298106845628,0.039171793868941124,-0.0006044411471892007,0.006827467963872058,0.1103150899441084,0.0014832697473551996,0.0021154523663078073,0.0067775992953663395,0.0018945639931993161,0.007354054419255741,0.17565956384972098,0.03778934979244116,0.16189814528340918,0.002778731803989707,-0.0015748903949392213,0.001648782946337208,0.004521707481899429,0.014239615545226451,0.006990403582858497,0.00048573211335012497,-0.0002740743439401317,0.0009079291484510347,0.0,0.010415164703723256,0.22772008493584286,0.021845429331742425,-0.004399317917257741,0.006058195569831333,5.585204985609774e-05,0.00419101645250321,0.009135443786093598,0.00038856501893548757,0.0019802925471600957,0.16224445682530508,0.012737840043213787,0.005376042183605395,0.25928810014712156,0.0008582325967934982,0.007771752123550292,-0.017654073044231812,0.01911446016097922,0.2660466097771741,0.07293792561434558,0.034329076458798596,0.006185077455080478,0.02890217024507526,-0.0005639199634478715,-0.0025040889254247358,0.003215535083741464,0.0019672500552248224,0.0022454205728968464,0.010135817101467333,6.105603983218149e-06,0.0015439607335991216,0.00038617400715277233,6.225144506982413e-05,0.0031182122054211575,-0.0035460859090754777,0.0026733771557767012,0.011173579709420182,0.018259749689738234,0.004230389415453284,0.03200217417700214,0.031303290814382795,0.0,0.00360675551236779,0.005092373985528394,0.004952145043909335,0.034924413022298394,0.022230417285042624,0.013849014191756409,0.0013035450050749092,0.0017530311115837081,0.026642447071134997,-0.04278683453225878,0.0,0.03287814810504725,0.0029945218256545226,0.0,0.0,0.0023503471985591444,0.0008447266425166905,0.000313004181338128,0.0,0.0,0.00224278333464094,-0.015079350463663365,0.0,0.0,0.0,-0.001209128605407366,0.0,0.004052648932777108,0.0082946956103849,0.0013573920183034536,0.01775110999158103,0.0
2026-05-31,0.019911949103563056,0.0013173666108934096,0.007876808490085593,-0.001215716112401011,0.0018062268772028101,0.0008216258570048636,0.008616249809967442,0.00086339604399027,0.0017305967161323245,0.022028124714241423,0.0,-0.000233813232821058,0.002018929986107608,0.0,-0.0001234562421822101,0.0005349827796875658,0.0159756116562821,-0.0006614651963909507,-0.002763553126603306,0.002437752183891837,-9.58175378603298e-05,0.004128572182640772,0.001977878700773379,0.03169922765957915,-0.003892594597377933,-1.2015895686691945e-06,-0.0009005721269540444,-0.0006712801370639909,0.008818771465970123,0.0024649588511895916,0.0011404472014189503,0.002378372334546287,0.0010701354204157153,0.008096758315143678,0.046887746623055136,0.0016708247617400309,0.00017128558930299098,0.13125444562312308,-0.0411840419912418,0.008534601965208258,0.002781150681504767,0.34151544237445425,0.02663274292788656,0.027544219410573948,0.0014216548509491497,0.03577960855615686,0.00035345697713776674,0.0,0.0,0.002637902759276558,0.01786984736666165,0.0,0.013461909079970878,0.003063710739663733,-2.9963896953897323e-05,0.0,0.000926628734901836,0.034249678273915556,0.006663204486716327,0.003394075912865904,0.11180830334756807,-0.0009453365846452292,-0.0030900559200744567,0.012794483688355021,-0.0038270720130916397,0.00179218923744541,0.04515721134994496,-0.002010150561797903,0.0077347325073015725,0.0003559949090704157,0.0048336206249753174,-0.0008155208761745544,0.006452160947775803,0.0033302309043344892,0.0066814416085772335,0.0003938160279044921,0.009559405051440545,0.0008113730080941488,0.0,0.002288510561356365,0.10649436587094065,0.03437597024608532,0.014606060002120757,-0.0005186900464014733,0.0001902376078747908,-0.004810549772426273,0.010954595898527498,0.0,0.002175705971306919,-0.745254119214862,0.030343921373757247,-0.0019562651318357147,-0.09026624061630836,0.0016630053317803952,0.0007513910166574892,-0.010281828667474803,0.03624989081033489,0.33849522106335334,0.021528792320981423,0.01180852274108541,0.0037088222058249223,0.0027359247123703023,-0.001259650653618827,-0.011892748842412357,0.0008254457017093001,0.00027211307150543204,0.0005360205929698488,0.0011663397464203148,4.9999399834282955e-06,0.002417899778435864,0.00017519316496252652,0.003935201772417637,0.004343872062879204,0.011939236999402502,5.545828100968314e-06,0.012212819081611686,-0.0025685531699445813,0.0032814931854752835,0.0013761931224563224,-0.005853537391385238,0.0,0.002019656583939061,0.00035862236999316367,-0.0022591369207633806,0.002847867657366455,-0.07419095466161627,-0.026111388836161077,0.0005435941545774399,0.012527199461486187,0.006408696251169225,-0.018467611200426566,0.0,0.002007210553458898,0.0029464892128176134,0.0,0.0,0.0013863797204774788,0.00022060063115463804,-2.4933589753980538e-05,0.0,0.0,0.0006104793934690172,-0.00647828938532917,0.0,0.0,0.0,0.0008408894724806589,0.0,-0.0007658001216300986,0.00581959143408589,0.0,0.028326918780764914,0.0
