,Biralar ,Sigaralar,İçkiler ve likörler ,"Şarap, üzümden ",Bilgi ve iletişim ekipmanlarının onarımı ve kiralanması ,Bilgisayar çevre birimleri ve sarf malzemeleri,"Bilgisayarlar, diz üstü bilsayarlar ve tablet bilgisayarlar ",Mobil iletişim hizmetleri ,Mobil telefon ve ekipmanları ,"Ses ve görüntü alma, kaydetme ve çoğaltma ekipmanları ",İnternet erişim hizmetleri ,Ortaöğretim eğitimi (ortaokul ve lise) ,Yükseköğretim eğitimi ,İlkokul eğitimi (temel eğitim),"Baharatlar, yemeklerde kullanılan otlar ve tohumlar ","Balıklar, canlı, taze, soğutulmuş veya dondurulmuş ",Başka yerde sınıflandırılmamış diğer gıda ürünleri ,Başka yerde sınıflandırılmamış tatlılar ve diğer şekerlemeler ,Bebek mamaları ,Bitkisel sıvı yağlar ,"Buz, dondurma ve buzlu şerbet (sorbe) ","Diğer meyveler, taze ","Diğer sebzeler, taze veya soğutulmuş (soğan, sarımsak, havuç, mantar, zeytin vb.)",Ekmek ve unlu mamuller ,"Et, kurutulmuş, tuzlanmış, salamura edilmiş veya tütsülenmiş ","Et, taze, soğutulmuş veya dondurulmuş ","Hurma, incir ve tropikal meyveler, taze ",Kahvaltılık tahıl ürünleri ,Kahve,"Kesilmiş hayvanların et, sakatat ve diğer parçalarından yemeye hazır hale getirilmiş ürünler","Kesilmiş hayvanların sakatat ve diğer parçaları (taze, soğutulmuş veya dondurulmuş, kurutulmuş, tuzlanmış, salamura edilmiş veya tütsülenmiş) ",Konserve edilmiş veya işlenmiş balık ürünleri,"Konserve edilmiş veya işlenmiş sebze içerikli ürünler (salça, turşu, zeytin vb.)",Kuru baklagiller,Kurutulmuş ve dehidre meyveler ,Maden suları ve kaynak suları ,"Makarna, erişte, kuskus ve benzeri makarna ürünleri ",Margarin ,Meyve ve sebze suları ,"Meyvesi yenen sebzeler, taze veya soğutulmuş (domates, biber, salatalık, kabak vb.)",Meşrubatlar,Peynir ,"Reçel, meyve jöleleri, marmelat, meyve püreleri ve ezmeleri, bal ","Sert kabuklu meyve püresi, meyve ezmesi ve macunu ","Sert kabuklu meyveler, kabuklu veya kabuksuz ","Sert çekirdekli ve yumuşak çekirdekli meyveler, taze ",Süt bazlı tatlı ve içecekler ,Tahıl unları ,Tahıllar ,Tereyağı ve sütten elde edilen diğer yağlar ,"Turunçgiller, taze ","Tuz, çeşniler ve soslar ","Yemeye hazır gıdalar (hazır pizza, börek, çorba vb.)","Yeşil baklagil sebzeleri, taze veya soğutulmuş ","Yeşil yapraklı veya saplı sebzeler, taze veya soğutulmuş ",Yoğurt ve benzeri ürünler ,Yumrulu sebzeler,Yumurtalar ,Çay ve demlenerek hazırlanan diğer bitkisel ürünler ,"Çikolata, kakao, kakao bazlı gıda ürünleri ",Çiğ ve tam yağlı süt ,"Üzümsü meyveler, taze ",Şeker,Bebek giysileri (0-2 yaş) ,Bebek ve çocuk ayakkabıları ,Diğer giyim eşyaları ,Erkek ayakkabıları ,Erkek ve erkek çocuk giysileri ,"Giyim eşyalarının onarımı, tadilatı, dikimi ve kiralanması ",Giyim eşyalarının temizlenmesi ,Kadın ayakkabıları ,Kadın ve kız çocuk giysileri ,"Başka yerde sınıflandırılmamış seyahat eşyaları, bebekler için malzemeler ve diğer kişisel eşyalar ","Kişisel bakıma yönelik diğer aletler, malzemeler ve ürünler ",Kuaförlük hizmetleri ,Mücevherat ve kol saatleri ,Doğalgaz ve ilgili abonelik ücretleri ,Elektrik ,Kiracılar tarafından ödenen gerçek kira ,Konutun bakım ve onarımı için malzemeler ,"Kömür, kömür briketi ve turba ",Su (şebeke suyu),Tüpgaz (ev tüpü),"Yakacak odun, peletler ve briketler dahil ","Lokantalar, kafeler ve benzerleri, sınırlı sunum hizmeti verenler ","Lokantalar, kafeler ve benzerleri, tam sunum hizmeti verenler ","Otel, motel, pansiyon ve benzeri yerlerdeki konaklama hizmetleri ","Cam, kristal, seramik, porselen ve çin porseleni eşyalar ",Diğer dayanıklı olmayan ev eşyaları ,Diğer hanehalkı hizmetleri ,Diğer küçük ev aletleri ,Döşemelik kumaşlar ve perdeler ,Elektrikli büyük mutfak eşyaları,Ev mobilyaları ,Ev temizlik ve bakım ürünleri ,"Isıtıcılar, klimalar ",Masa ve banyo tekstili ,"Mefruşat, halılar ve kilimler ",Mutfak gereçleri ve eşyaları ,Temizlik ekipmanları (elektrik süpürgesi vb.),Yatak takımları ve yatak olarak kullanılan eşyalar ,Yiyecek pişirme ve işlemede kullanılan küçük aletler ,Çamaşır makineleri ve kurutma makineleri ,Çatal bıçak takımları ve gümüş çatal bıçak takımları ,"Çeşitli hırdavat malzemeleri ve aksesuarlar (pil, ampul vb.)",İçecek hazırlamada kullanılan küçük aletler ,Ayaktan tedavi edici ve rehabilite edici hizmetler ,"İlaçlar, aşılar ve diğer eczacılık ürünleri",Havale ücretleri ,Benzin ,Birinci el motorlu taşıtlar ,Bisikletler ,Deniz ve iç sularda yolcu taşımacılığı ,Geçiş ücretleri ,Hava yolu ile yurt içi yolcu taşımacılığı ,Kişisel ulaşım araçları için diğer yakıtlar ,Kişisel ulaşım araçlarının bakım ve onarımı ,Kişisel ulaşım araçlarının sürücüsüz olarak kiralanması,Kurye ve paket/koli dağıtım hizmetleri ,Metro ve tramvay ile yolcu taşımacılığı ,Motorin (Mazot) ,Motosikletler ,Otobüs ile yolcu taşımacılığı ,"Sürücü kursları, araç muayene, emisyon ölçüm ücreti vb. hizmetler",Yağlar ,Diğer bilgi ve iletişim ekipmanları ,"Görsel-işitsel içeriklerin aboneliği, kiralanması ve çevrim içi yayın hizmetleri ",Diğer kitaplar ,"Diğer oyunlar, oyuncaklar ve hobiler ",Ev hayvanları ve diğer evcil hayvanlar için ürünler ,Eğitsel kitaplar ve ders kitapları ,Eğlence ve dinlence hizmetleri ,Kırtasiye ve çizim malzemeleri ,Paket turlar ve tatiller ,Spor ekipmanları ,Spor faaliyetlerine katılım ,Veterinerlik ve ev hayvanları için diğer hizmetler ,Şans oyunları ,Başka yerde sınıflandırılmamış diğer hizmetler ,Kişisel bakım hizmetleri ,"Yatılı okullar, üniversiteler ve diğer eğitim kurumlarındaki konaklama hizmetleri ",Diğer ayaktan ağız ve diş tedavi hizmetleri ,Görmeye yardımcı ürünler ,Hareket ve günlük yaşam için yardımcı ürünler ,Tanısal görüntüleme hizmetleri ve medikal (tıbbi) laboratuvar hizmetleri ,Konut sigortası ,Sağlık sigortası ,Özel taşımacılık sigortası ,Kişisel ulaşım araçlarının aksesuarları ,Lastikler ,Okul servisleri,Taksi ve sürücüsü ile birlikte kiralanmış taşıtlarla yolcu taşımacılığı ,Tren ile yolcu taşımacılığı 
2025-01-31,0.648814618546629,2.6146566583383857e-14,0.46801685290031636,0.018453655955198458,0.005175764768638696,0.0004186969474035532,-0.0022538342591158843,1.9317701049845417e-14,-0.019085049769332178,-0.0005191587458833448,-3.1737011988429683e-15,0.4297355556452077,1.4428058911264479,0.0,-0.0022439350077773897,0.20932991788831196,0.0009946563243004442,0.020778011296526608,-0.0005333615907699852,0.019782337249047845,0.024209439262001916,-0.004289040991748744,0.11177937697216218,0.19609080609374382,0.09273284211351158,0.143801443484277,0.054629133870403905,0.0010446961672245653,0.01855169797692909,-0.0050375571471833035,0.00924615216339386,1.196176312516599e-05,0.009651951494208178,0.023876412731400624,3.81594819721037e-17,0.0031521219284469703,0.0032911745737098414,-0.0010426086799334461,0.007487887824906926,0.409711788304343,0.013403592046368049,0.09377843235205488,0.014213227325701822,0.006771275115153238,0.05329206527697986,0.010940256497342064,0.002039624922320603,0.031682811716992325,0.02504191364398357,0.035088109482206815,-0.0659045581006545,4.683267898412347e-05,0.0003646484865668612,0.024804631831994307,-0.007708736452740728,0.05918627540870437,0.05395731204015209,0.03549404214379298,0.0009433203774722843,0.022731347538569202,0.0747817619205758,0.00014968438632347822,-0.005038042178945212,0.0013056510951757194,-7.572273562144458e-06,0.0044364656474630134,0.014425345993804285,0.01879784283185784,2.0358060577372918e-17,0.011859945426159736,0.01213498266683211,0.02591836701884207,0.07737691395792275,0.3173385609477357,-4.837543827533467e-15,0.02977537079853118,0.0,-3.587401895639177e-15,0.7877632144945431,0.015698489895895087,0.0695427569856405,2.62676054097469,0.14818048039327048,0.031114313349660354,0.18698526703081322,1.014309523145072,0.0009074044017681187,0.018019617720458292,0.0005405544204679591,0.9743766584170233,0.002115060488799154,0.056043696511899395,-0.0007331267525584478,0.046381079169031905,0.05901053190526694,0.008383698948875444,0.002729248932965583,0.03311263037623014,0.01850347654973551,-0.0024479191781364633,0.010369311186964283,0.010366107421658968,0.017663575808846074,0.0008131137468744226,0.0063848242382307475,0.0009514153184424529,43.296310179983955,0.43513636256056537,-4.263256414560601e-14,0.3589352699330463,0.41855676467869835,-0.005338589128795667,0.08099890196395457,0.021229187344019525,0.5454087493162342,0.03404729123168585,0.15992946515168777,-0.14078037694044881,0.03320470082276762,0.0018055298311309624,0.4936777125514431,0.03729316784822231,0.22034487495449848,0.0018435099284236829,0.00015502770147735284,,,,,,,,,,,,,,,,,,,,,,,,,,,,
2025-02-28,0.0,0.0,-3.4446385787724127e-15,0.012669348312560846,-0.053318799307634196,0.03183271567046964,0.006174363284139064,-0.7824116125713267,-0.0656027432168223,0.01710600569700086,-0.0009185425460264949,3.2737636435895787,4.26955386716195,-0.11309534565953404,0.006159688632227524,0.09403357599002,0.005296137335062038,0.07935745937035413,0.01035539127211416,0.2065638265846014,0.04190524313635473,0.16261360524867086,-0.040934349994603624,1.292631194294102,0.11723210615103358,0.4662004660376545,0.15572665437820482,0.005221612741291844,0.02608109738982063,0.007466599675990859,0.005367941853309312,0.0015343812265512244,0.05559269782555704,0.03751530855035245,0.00919459429538599,0.05282111634858979,0.018212497570116254,-0.001933968409296663,0.022206973146716318,-0.8799529394302561,0.08289327380209165,0.3370370099246216,0.05300760914287554,0.011300530373649567,0.08506893073195614,0.060187273316878745,0.010772876595010543,0.0068895556474454,0.09423645827511777,0.13340601843784733,0.12304404896594068,0.024034863979318297,0.0006733633373986,-0.05043706203582873,-0.20464209786142964,0.22287337550252082,0.0005430610521639788,0.07715025974542206,0.018673938500953093,0.08802142448982098,0.2596987792523039,0.025075921924049487,0.010220220663807275,0.033473931037184324,0.13422057439567622,0.12394444179318766,0.46656159530586805,1.6402164711057927,0.008688263629703501,0.014107726306478871,0.35288465619123366,1.7074380137420686,0.5633343942527087,3.4755070623619657,0.29556270424317993,1.0504964947747728,-0.001043842536199191,1.3020123088068818,1.9802575795385338,0.2997576162338066,0.05327332581275388,1.1325004175076379,0.15937782926307473,0.20178214286967738,0.243667314677708,1.597164552337087,1.6034448537809824,0.24836545181118677,0.01440497942580635,0.49238227759718955,0.02985141395133415,2.153559681334072,0.10692291970570164,0.8265409311891992,0.9366242414320741,0.10208715109856828,0.03028991833977926,0.3093420998566245,0.06323983435426457,0.06514468331791164,0.14388782830084004,0.07953761195428664,0.11199353733823206,0.02407201661858798,0.08738651960524979,0.09658493664547094,-14.28268815759427,0.01036166273255153,-0.008224569283342472,0.26073929584680927,0.38804864076674617,0.04181176876440446,0.009879791211447529,0.024248016949172838,-0.19731049838139397,0.27974419907980214,0.21696214818312845,-0.05450709143656958,0.02701467229376922,0.006109619896150673,0.20855567801930544,0.19551749796789838,0.5498778247335516,0.10518284330194559,0.009501895487481638,,,,,,,,,,,,,,,,,,,,,,,,,,,,
2025-03-31,0.0,9.86816649697105,0.0,0.02855847807985111,0.02601483700076252,0.026815096830676045,0.0008870374539486287,-1.2718834953184166,0.05295612949396344,-0.02361429939962448,-0.0027785202523102136,7.079943043224278,0.7680768537278007,-0.14962199298833798,0.007568791645854743,-0.1106528579631533,0.0017671065850530568,0.012129434136891423,0.011793645321728692,0.057970268948399,0.00626336623935565,0.33200831503975836,0.36210804063133817,0.20481562009395468,0.04610783245298,1.0124013271222179,0.29819417910073776,0.007320618905992008,0.024295094176145633,0.010472078175339914,-0.0012919820464858687,0.005798135166448128,0.023462943512173023,0.0281820041558284,-0.0005144914918252001,0.03807703366774706,0.012127530482849024,0.00032891379044554866,0.014894146813665804,1.4952941858639057,0.014718315824180272,0.09172576108651857,0.020685151374622467,0.005980091508512883,0.052168079664905775,0.055322520784503844,0.0029153164794438005,-0.042598347308615905,0.03520398756598934,0.028311512573960213,0.36674178928934265,0.02223459378012917,-0.008736780050122897,0.0976754288597496,0.03380388518937471,0.027849065854641055,0.06102214585914435,0.11327432380146371,0.009604320141433568,0.09758415539598325,0.06632793522423008,0.04907782338819397,0.02716362506149171,0.08868816938857804,0.22774348129332636,0.11585786201705565,0.6901733613983313,2.3612066441997817,0.00291968851287883,-0.023838159912071274,0.5078537927693506,2.6006253152310874,0.4570041863834174,1.8743392055300734,1.9228537151284892,0.7694426556551113,-0.0029794141018955537,0.0,1.7024291461378942,0.3036511180512623,0.06620716912636329,0.2560383862903677,0.015772452437679208,0.0489932961533517,0.30706064137099265,-0.8769907134299944,1.7529904734081885,0.18071558891939496,0.01083198064717361,0.4562279455553757,0.015685925375674203,0.6956531371695729,0.2228340557125507,0.5053586725780368,0.43938863964328134,0.06812128238367526,0.04018529018875436,0.23151238605937136,0.05356976192927279,0.08868459562762748,0.2545257209872771,0.024272933304031925,0.1063989542967596,0.025164661819682153,0.05408465850719578,0.04892810388161606,-0.6325236827117988,-0.04990674127069123,-0.024671678599223177,-0.28899903428336293,0.3404807258321763,0.02373706798989565,0.0,-4.055564405762354e-05,-0.3344419724439174,0.06722078241095074,0.2063683189493187,0.07363758927318366,-5.4198802410152454e-05,0.00379483955485188,-0.2057370048155416,0.05239029563127567,0.20543965893768346,-0.009553267484246038,0.010814678106597324,,,,,,,,,,,,,,,,,,,,,,,,,,,,
2025-04-30,0.0,0.0,0.0,0.0,0.04868480423009744,0.022164490258656185,-0.011852365599046746,-1.9672275395459318,0.2752797545540498,0.18930450548677485,0.0007390657812081806,0.0,0.0,0.012449374868013242,0.018890025063720006,0.09283218940930321,0.000766840904929531,0.05189116112184464,0.02350923334925433,0.07830834865122989,0.0010794304149969118,0.2530239259775775,0.00838033185623533,0.17425981932658333,0.03678000929352273,0.8202278782866658,0.11023399459056772,0.00639873540815189,0.03180366858599828,0.0012979135790130343,0.005211438049486515,0.0010957512539557636,0.013674241462362822,0.016969297430547196,0.0004506290593757612,0.013701084604183443,-0.0023359018880226385,0.00624772309241494,0.006977069090231261,-1.0031043471588772,0.007060758016734604,0.0836762083415253,0.012204052062768755,0.0015307074068255054,0.041577557247891375,0.12018537266025933,0.0011690281834694863,0.08154237734536031,0.03567704400887873,0.03552646579094764,0.37734248400051434,0.011149945314564008,0.013425854918432258,-0.053877880237431085,-0.0972427708897959,-0.0005078758909817025,0.05183239128315578,0.22451629636453646,0.0205113151290647,0.03071310288119549,0.017011863125790328,-0.035148743804507096,0.018493797517405222,-0.0028977167850461104,0.10307199756018656,0.040552287363145194,0.2102462448128274,0.42110483246987507,-0.0015980617211110184,-0.028586555144328417,0.17633630370689318,0.19445991992324257,0.12836611422627353,0.4664294374574114,0.7774303067967189,1.526266871439626,0.0,2.5585980100906554,2.027259488625687,0.13227432953509477,0.03889125196992931,0.1974158242847027,0.0479445774738771,0.036568575850648974,0.28475797748726717,2.578252711915025,1.3335616914708894,0.0485092941922825,0.0004912031524060454,0.3246169940347273,0.004535428432091378,-0.05361230020572057,0.1040075124352446,0.01660851474995786,0.22610518102875532,0.019325322344244146,-0.0026761220835132687,0.04180525135472895,0.004226624857380073,-0.0141823869135956,0.03350009649340801,0.01556194499437955,0.08399079810600393,0.0038023339209285415,0.010965778980439173,0.008611564353569407,0.0,0.0,0.0,0.18659735102598865,2.5566227896084355,-0.017253131041871702,0.0009247174947432716,7.382412484157726e-06,0.6347430390761644,0.04519033942271476,-0.2892626492559531,0.0981844173838672,0.0,0.0,-0.15962123939364847,0.05015732900542394,0.14700540157455724,0.0,0.0027419678466263967,,,,,,,,,,,,,,,,,,,,,,,,,,,,
2025-05-31,0.0,0.0,0.0,0.0,0.09757028141881036,0.009206002862285706,-0.08677121583603345,0.001592797434606477,-0.2207604194592106,0.6155425102630043,0.0014005694506575824,0.0,0.0,0.012212266071874964,0.007090171409228725,0.06340142766972925,-0.002789932566589448,0.013562684027332508,0.02164459519265308,0.12969821823963365,0.0010219510008911653,0.42291538705270776,-0.5316719804236605,0.029773382719734596,0.09915510221998561,0.015819447306300312,0.042496660407640593,0.007062916533698651,0.028885602238654176,0.017489895421730836,0.005715309578185912,-0.00034858682446818677,0.013581742180625763,0.027431047072672198,0.00849211534419763,0.04560330087641935,0.04280224836016944,0.012601398446445252,0.009817570524735192,-1.5806988738480952,0.02900662837311594,0.022754893695799066,-0.0024868387890718937,0.0015964521549042974,0.10497662470043666,0.33926999919035,0.0002822841140709278,0.004258599562880703,0.03296200888307761,0.005978061091337861,0.43123647308866153,0.0001388738576281654,0.0022269096564685852,-0.1961389408145124,-0.03341071731388124,-0.010982704086623466,0.07779690495172668,-0.2315200564238758,0.0039634055148184905,0.05222359565601731,-0.002273171737901071,0.02652610041048716,0.016959708729675674,-0.018552728366563083,-0.028029470154964004,0.015233416232272664,0.01429160630422558,0.1400859912518852,0.0006317233716795614,-0.002911802610746378,-0.00660196146285802,-0.12057363882215244,0.05565168816209955,0.11900288840707861,0.40132098319487924,0.8164335973051893,0.0,0.5437230481104094,1.683511904558259,0.2187601794413409,0.19886026743413193,0.8158315489489802,0.0,0.08348658403088947,0.1182704535301592,2.0982362006419164,2.4595629628095854,0.018590580273565614,0.00010847701308025216,-0.1500056815317149,0.009801294088386118,0.7241380023634535,0.25014800002778803,0.02738293718177745,0.2976232064104138,0.05807090971074595,-0.012873955343568482,0.16397642890056324,0.02183273517736717,0.009302979634584997,0.01406613061398667,0.01953626697891621,0.06171047042784198,0.000709472632574644,0.043065505415333105,0.02671436910544453,0.0,0.0,0.0,0.12815686058485487,2.3450491853224746,0.02857207142704678,-2.1512977134586636e-05,9.14429844238738e-06,0.09606717959599338,-0.2897102429842221,-0.053998427994077385,0.014829731209490356,0.0,0.0,-0.004860809109155267,0.05681725047138096,-0.0002337872097766176,-4.0102398707054795e-05,0.002074382231696706,,,,,,,,,,,,,,,,,,,,,,,,,,,,
2025-06-30,0.0,0.0,0.0,0.00015619263388816194,0.006807414793104743,0.0021289953307959777,-0.010768775095385229,0.0,-0.17293115089419178,0.09164424782969173,0.02063870982081719,0.0,0.13263975057505076,0.0,0.00019780561214465927,0.04357070828389331,-0.0016876150080806364,-0.030124444129776662,0.015592062991961827,0.041640884497470325,-0.005118358500400117,-0.2708210903150041,-0.23714006814730829,0.2555101552413,-0.029332467713965346,0.32358897640910295,-0.1431233059471535,0.001727547968145471,0.01943315770662347,-0.004960335398644137,-0.004967566174763908,-0.000674512120897499,0.012035567418463436,0.0020664396893221005,0.04389285578763504,0.018319365851461215,0.014543127794127586,0.0010186634103393167,0.010251958958192165,-0.4226021020652769,0.04416863931708266,-0.03252245055089699,0.015645148560807086,0.0061838495994048365,0.056877838109635946,0.05283973810783212,0.00013584844391825572,0.01572030259357906,0.01212149616851366,-0.0037007762405627934,0.2332631457282044,-0.0021033553921261006,-0.002667063128101493,-0.08200097360128397,-0.03283997318003413,-0.01279200999412829,-0.006789626202355521,-0.10141643965650084,0.015437872932533465,0.019240324068358315,-0.027791676563028292,-0.037097380435198966,0.0028296180027015173,-0.018445351023045987,-0.015117740686881837,0.024064304681283837,0.006412057270632986,0.2659663265634805,-0.0016141266466714443,-0.03339073546979117,-0.032984198427281106,0.2566351913767711,0.03198170708704698,0.3103205184899997,0.9241319334749473,0.31056005107111456,0.0,0.0,2.141840142878205,0.08407132640468827,0.09653304147356924,0.7233515416799624,0.0,-0.0016883842078759333,0.3633141334255675,1.760051397420602,1.5525848240850686,-0.0006726563445136794,-0.0020835940750908674,-0.14193495067689144,0.005682253489149456,0.0592164177938683,0.07561166005694794,0.29568872797473905,-0.004980570447060155,0.019178992039646663,0.009301599946859146,0.039823722845035284,0.004176863057986603,0.013348119697938084,0.031979536224818854,0.005175904873134438,0.01240519105413362,-0.0020542766882377227,0.023611232238335216,0.009080574077347794,0.0,-0.0029349213245930647,0.0,0.41199376496298923,0.6837179245866238,0.005242012027368828,0.00015991813043204754,-1.9403722778940107e-07,0.2547183444781543,-0.31483108212471655,0.22778237832158799,0.13277960487127505,0.0,0.0,0.7282869822823451,-0.0012552432310297436,0.681467432987864,-0.00016450711230734852,0.001192141730890541,,,,,,,,,,,,,,,,,,,,,,,,,,,,
2025-07-31,0.2895554009716235,4.495572307162017,0.3751286317722352,0.003212740826255776,0.025247711498438852,0.027415638286407383,0.06217884564750216,-0.007022384520654229,0.1134851624603409,0.014227572984615284,0.10130312840247241,4.433341454832438,-2.4854767697473566e-09,-0.00040553612498464033,0.013482485767068274,0.03639454161674543,0.012081612190189923,-0.020493534790529958,0.005007171902335893,0.13813759537104991,-0.0012321776738083428,-0.7248539693847054,0.0335890534719352,0.6130876028796297,0.01619016356502274,0.04428976745300889,0.03323387818071328,-0.0027534721978570323,0.010774991399346824,0.010976958086528541,-0.005327255896038543,0.0009940397474245623,0.04269268747637466,-0.005887063822612823,0.014324371896160716,0.056902624619050726,0.025058116894327798,0.010866503156801712,0.0074438986877662155,0.3170960910442945,0.018243541981348907,-0.021977595789830676,0.014787360039890708,0.002296026383665653,0.02416514689983567,-0.0378344275026095,0.003525907576611517,-0.04380019115685161,0.006169743606910353,-0.019125945839690427,0.06942318306930463,0.01376962145995122,0.004964706297049513,4.3386465153852625e-05,-0.0002383850655386458,0.018697589040355983,-0.09859180496351616,-0.004962414160479464,0.06508452506143336,0.0036415714585483015,-0.0027086053955371826,0.009531375969814225,0.0012511929478501902,-0.03234228236196475,-0.004366727263830462,0.03777385747583585,-0.006834799235100388,0.36405885795839554,-0.0008335741861009274,-0.004036594487704533,-0.03558499289867252,0.2884156543613805,0.11571056736255159,0.4601339884035713,0.13298871064687287,0.27539931005721896,2.4687449237035213,0.0,2.507504422025335,0.05895430749613543,0.048379620721938625,0.19248611530659993,0.0582614375006266,0.03463700187005193,0.3996214043418719,0.6632741491614672,1.333609090134609,0.026928123554901914,-0.0018780058297644356,0.5419261821729303,0.00508055423391968,-0.022258829782712663,0.23962910238775043,0.19661559752910968,0.10586597874385487,0.05399836351006478,0.018244276766063133,-0.04113871918481641,0.001618519463470232,0.06071703590829798,0.03037772601465984,0.00021051630638605666,0.11003728938098363,-0.0015908315022153034,0.025685841759511822,0.01420678021692291,0.0,0.011364644538226958,0.0,0.4645923485875768,1.472488706153493,0.005414380061193036,0.007223145320580407,0.0,0.36100359106083224,0.1674544726592471,-0.1971743103919004,0.016542058363641712,0.0,0.0006195795251288778,1.0452650706029554,-0.032497707197104764,0.059307874861836765,-0.00012097768019007847,0.0023088779370271572,,,,,,,,,,,,,,,,,,,,,,,,,,,,
2025-08-31,0.07571704195214674,6.344656711170198,0.18898507257277267,0.009435628574694132,0.017587797725621374,0.030065802175156767,0.05933772955611982,0.7373887751742937,0.23160615342426075,0.036946504446465564,0.44209277104817835,0.0,-2.6180007051311237e-08,0.0,0.014374799686331334,0.021019034990194484,0.004376741357069801,-0.005824999768043179,0.012769002837816084,0.1364581268825667,0.003388208293950594,-0.14725390078076595,0.17679052089328784,0.27512333949945467,0.01856339122562516,0.18681190187362565,-0.05685831344179475,0.003986011487200749,0.02559232107091759,0.000818056577215132,-0.010020978988065418,0.008140787137216367,0.05878157891826635,0.013822767891838528,0.007376405680421246,0.05785725658412028,0.01382707833799492,0.008216218234998289,0.021997602719947038,-0.13554695361025568,0.04349219793544001,0.09777642619712,0.03332648285026761,0.0028932633901326953,0.05036967342691021,0.13266614607311744,0.008705353782804364,0.13102857396646386,0.0270475074383749,0.03596777576767607,0.4041935858612926,0.01371316825082612,0.0018746657466193978,0.0036531500775645247,0.08185940402096488,0.09575920836241981,-0.0940539104701278,0.030894965711223184,0.13739807774230395,0.07582991244059901,0.09435469596846223,0.004861210838037447,0.0024221764063722443,-0.050662039879019245,-0.2022901251948474,-0.030905010073754458,-0.4034157523149036,-1.707986161904894,0.004829996247983742,0.04841976935730734,-0.3658327761017174,-1.0612478885691734,0.10165500402471728,0.6964806836002692,0.3935736137295363,0.2950633185033743,0.11349196611215477,0.0,1.6622607409805732,0.044264190496911035,0.046532713777711725,0.18448091340756034,0.05268756954942838,0.049422413411443544,0.3916438050575537,2.8221724727264634,0.7725923601144501,0.06667599211167238,0.010078378917746924,0.07665686997205744,0.0270704292528996,0.08732227634063817,0.18465726353835218,0.3269641389325274,0.2427005657606826,0.07459297923257789,-0.009222395779274709,-0.03295585082368995,0.029812477887195758,0.08425575069736452,0.0435622883804455,0.014435156648027225,0.05286126805299985,0.005570010946146299,0.02294981514188835,0.03059365071123727,0.0,-0.010233418738318985,0.0,0.09344137171869143,2.6851144035530075,0.013328876996594644,0.0003066194658405037,0.0,-0.07384297961387076,0.168326643686502,0.10372426143535213,0.07542478036472623,0.0,0.00020153041584125016,-0.09357097671877379,0.00047022792586710725,0.03918395846905171,-0.0018896797892633324,0.004331588198339371,,,,,,,,,,,,,,,,,,,,,,,,,,,,
2025-09-30,0.0,0.3499562772938122,0.0,0.006770270117095788,0.2867611406623921,0.01302385033218278,0.04472144586131649,0.9600122702956687,0.31948163090850257,-0.05727013795705996,0.16776667571557624,0.0,24.757153998833374,3.2141594040758696,0.016584777756523488,0.3042732270466954,-0.0020772322336934197,0.04464687669694555,0.012182075785931454,0.38465303076667656,0.003963911302029212,0.02964057388735948,0.1187991173298053,0.48468184254907826,-0.011083498746548823,0.18666712127198665,0.14615688603436405,0.00023204971719092187,0.012711495720920491,0.013929266374078255,0.004249794500543104,0.010778040710736396,0.06173275455016035,0.07426089920063081,0.0015544087728879522,0.0554219712730886,0.005322325573056345,-0.0003870470392893908,0.01189064553961172,0.29979807254099744,0.07624668724084742,0.09348351678805839,0.010398476094347343,-0.0022629126277755375,0.11402760127779447,0.0773631101304297,0.003649186930057336,-0.0033719871473961733,0.05657419955839996,0.07664496743287086,-0.6539367709894275,0.016086089167687216,0.0012950771825148445,0.013856128717000876,0.1012451558623463,0.07868050851075112,0.03729669323148596,0.34672919436255345,0.10607131269203926,-0.031198200235601825,0.032856249755599726,0.004025815228728444,0.030303290342247338,0.029136311819496784,0.11157344479466656,0.05684615229843975,0.19761886147072943,0.7399581397411383,-0.0002453503221810745,0.04698299146841546,0.13790942087015384,0.099536862801678,0.1048941187570981,0.3642934196435793,1.647030066618299,0.9946081929761227,0.0,0.0,2.3084693988513285,0.028444721522711686,0.04985232728907218,0.2270185218978545,0.026100433750718827,0.03688352135975798,0.6354707147358097,1.636007325981521,-0.7783146805602716,0.03736820609754162,0.004776104083079084,-0.13834159681527092,0.012859537017061889,0.03884561107331195,0.1028386430336999,0.39889827142251655,0.1469806988246977,0.015082500516997244,0.009683929632912506,0.04633402921111162,0.029672656667626182,0.036440281062170184,0.042956373948279,0.0174013716384689,0.0010517252130288334,0.0067173128259917945,0.008224843834948167,0.02803986699310379,0.0,0.1026206553353253,0.0,0.2404949424611059,0.8386853303084286,0.008890842900185322,0.03088371300228001,0.0,-0.176548873997375,0.008244627795420522,0.058604766612007315,-0.10699658763642766,0.0,0.004776191272023865,0.34045082230918094,0.0250982811358833,-0.016043495843233745,-1.4701342560948685e-05,0.004518831496532559,,,,,,,,,,,,,,,,,,,,,,,,,,,,
2025-10-31,0.0,1.7736448198635641,0.0,0.0019746270864964203,-0.03381615386757336,0.02506276392798445,0.081752647875159,-0.009726545829091214,0.07215130212732879,0.09514304137525963,-0.021283518821289097,0.0,0.0,0.36077157252146697,0.03692458772640298,0.09962877295037811,0.004978447516148047,0.049200836707013855,0.01756597354460718,0.18158857673596276,0.002485609171750525,0.0050193530079297895,0.5277272572845448,0.8384064635569929,0.1324180620232808,0.14401101940974015,0.10942462212172911,0.013388598973227157,0.02828176045360471,0.01148256002565839,-0.0010006903340870586,0.0010488462740041824,0.04115326800556474,0.059613225559075673,0.006694178703866961,0.03170559848264671,0.09321363683808624,0.024551101089856184,0.012299687378184983,0.6570403879897915,0.032423978532618775,0.20849744999800177,0.058248463419381745,0.008112711225601952,0.1544718511622399,-0.05068519088499482,0.0036127357494966147,0.016373803490240108,0.07850600218809223,0.05504376208146534,-0.37512222786795,0.026353984780787276,0.007732924309720293,-0.01564307342657615,0.2136945491584458,0.07206754942860448,0.03659829743694296,0.1649892512501062,0.14348645579317182,0.11877546024885693,0.13742409890838755,-0.011909690568017507,0.006335780513908169,0.03573019575066835,0.42121176787206677,0.0004839744338061111,0.5589334439415056,4.320467845751705,0.004764546781751435,0.11848829357319916,0.7706339412350878,6.066620244147837,0.33044728515303834,0.5433982553282782,0.3482853593463185,2.3431525080377855,0.0,0.0,1.5454487111052837,0.04232888878242593,0.02895504809882509,0.25372912884100474,0.11715091864174126,0.18900908014370493,0.41923517804683486,1.2029568323202326,-0.7754512719465371,0.022701078279383606,0.005919307332431229,0.5020580228503818,0.011600958516347072,0.0636524886047066,0.09089274022599243,0.06268035480814722,0.2800109221378893,0.05629618072058785,0.011181783899888028,-0.001921594118889653,0.013625402303159862,0.03353248070649819,0.0732186103612507,0.018163578350302245,0.01899520366700657,0.001185743519515733,0.026742753150020376,0.012643299935671419,0.0,0.057394375198596116,0.0,-0.0809262110094519,1.6656550570694495,0.0034399925881914315,0.057860211556072884,0.0,-0.06412720513100573,0.27216244957778324,0.3644643161513534,-0.04186774028538724,0.0,0.0025361030158980572,-0.12565483430278768,-0.028759275840664282,-0.12682837756792356,0.0,0.0017178266345779637,,,,,,,,,,,,,,,,,,,,,,,,,,,,
2025-11-30,0.0,3.4503427060954066,0.0,0.0009689976904554209,0.09355539205710295,-0.011799052719537175,0.14466394656721182,1.0032722859343937,-0.3053489556226986,-0.11244787200534825,0.22514367792726497,0.0,0.0,0.0921411246490305,0.007101545392830976,-0.08916770402079623,0.008118489715765419,0.03029189845917844,0.00924392775008367,0.09916120193522082,0.0003218817716674354,0.21864213119519404,-0.15338712998469128,0.3275182557030412,0.09671984041424593,-0.11422849600378529,-0.11143981013657983,0.010002407515776331,0.028844563968300846,0.014208822068108624,0.006368615351364155,0.0007337070286168643,0.033306226799923656,0.027662248230617626,-0.005200633338467251,0.021224325480445845,0.043815934420041086,0.016578553168353456,0.01565636717138042,-0.07566507473845735,0.02744989362619972,0.12032286420733777,0.006434805697593545,0.0021438316881926506,0.124318897309754,0.14231515628236308,0.0017335199211424002,0.022190629088548283,0.03413154619346528,0.07305239564282533,0.43561062254096017,0.004898162719415128,0.00041533299820642407,-0.011431363560510617,-0.12417607908809163,0.02557061257241833,0.016650278050034825,-0.0701798855460959,0.06795428518316098,0.008671827556230131,0.07303536976867311,0.031046169812253662,0.004148329256022174,-0.016409872881127902,-0.0018430611004572666,-0.060651916096379876,-0.059640010880152014,-0.5341684919790949,0.002726606354598048,-0.0067795778690775185,-0.08894250453101757,-0.22598976921576674,-0.10218127569848372,-0.11719998836937462,0.01199402770015176,0.2737023140314879,0.0,0.0,1.6029176952871802,-0.010806983132195495,0.01413216767637092,0.24187760706383613,0.010663651698943614,0.0613327517455335,0.1654361274311233,1.1773479479051505,-0.8110232334090075,-0.05126437505598507,0.008313138125587096,0.22082555202767493,-0.002714621310442949,0.031347232524898024,-0.06483172847951305,0.06744999627369153,-0.05636206439581865,0.02347411725305779,-0.010579249503433209,-0.12064007659456598,-0.010667608581617126,-0.038633535721453095,-0.019839269753735903,0.0020894135205805453,0.001700878919791109,-0.010562237340560226,0.008356738973295917,-0.004211975392243302,0.0,-0.006472195592504715,0.0,0.26271941235185364,0.2779510302062542,0.009215611872924958,1.9134718362726225e-06,0.0,0.2808869794736474,0.04657553129387104,0.014940173617342928,-0.015146784768681747,0.0,-3.5129827861935954e-05,0.808959517688569,0.05192342265761864,0.09170739599297642,0.0,-0.0007638549637955544,,,,,,,,,,,,,,,,,,,,,,,,,,,,
2025-12-31,0.0,0.0,0.0,-0.0009489115357603892,0.07181426051770208,0.03481234697397537,0.26728734816621313,2.330068666180777,0.12357029794109071,0.18583641051205665,0.010003350697807369,0.0,0.0,0.0,0.00033940193196553824,0.14804496006286302,0.0011000486524152119,0.04574675139865292,-0.0023115763994037662,0.025238898415714736,0.0001820040727178323,-0.1055693332832843,0.017246815288326167,0.09673854578513394,0.04615679725911144,1.432983690157976,0.04260990485712967,-0.004834957828334695,0.03633123048690801,0.011208965020882094,0.0018811999724180277,-0.004173972127518036,0.004682346135362211,0.013178240681968571,0.0049674473061267045,0.0019949845040920147,0.07765499818895648,-0.009248120794557866,0.003749361700243277,-0.03563559025917237,0.030099491093549143,0.15755561411121669,0.0026151047535374785,0.0032884109088837476,0.01528462294497895,-0.011228387331164633,0.0017035364550816664,0.01639882494193733,0.017744051336607537,-0.007868263592325252,-0.5453431995993001,0.0015463479841552866,0.0036044866765254386,-0.0008919080298465716,-0.06225460582655987,0.010738556666164727,0.06313956689207083,-0.006510233743396837,0.04705051348911875,-0.026855773327280417,0.031600752750971156,-0.01921749060642422,-0.0005584415828976038,0.00893069022853585,0.01986065717778586,0.10376063745208075,-0.02115168596133126,0.5282764038867398,0.0,0.0019027226345199252,-0.10418164175923493,0.022368434626451963,0.2260681544265021,1.1845699005308132,0.008267929947997561,0.3299216103679155,0.0,0.0,1.1180152595569812,0.06868162821327356,0.08594028833828894,0.10420003643075773,0.10435797170096875,0.03255312500300515,0.2844957759892907,1.057954753104102,-0.35504094489851235,0.06424750320798292,0.003565072154800752,0.15009745568902436,0.01172323878621238,0.0005163174698274753,0.1898045498684129,0.3151242655034663,0.11540487484551436,0.0753845052867084,0.012855816574737075,0.01687932772041195,0.07239836628202886,0.07144665853528398,0.08186098765518714,0.013310745518036236,0.09336228931936186,0.007505250352382374,0.05849989210721629,-0.005899185897075625,0.0,2.892196232556474,0.0,-0.12018745238554643,0.16535407791091794,0.013743088118533859,-2.4606767841008144e-05,0.0,-0.7044774759892622,0.1559590720372325,0.0,-0.013241145070904466,0.0,0.00015326737179911266,-0.6744949457267715,0.10475377158483071,-0.07563472402848052,0.0,0.0028991106979233505,,,,,,,,,,,,,,,,,,,,,,,,,,,,
2026-01-31,1.5223520703797373,0.12905620226375158,0.3336387785054026,0.009056488550310398,0.12105023877919087,0.05225506022235724,0.26859848064547653,2.481149766072833,0.22951565016613762,0.1444981684797096,0.45682211939904704,1.6185015493777537,0.0,3.9212677629303974,0.039203372298213884,0.11716464117572667,0.0046105934688753505,0.006134678692507492,0.007195609891243479,0.054594841342566806,0.18036308328583964,0.05364548580414605,0.19940242027900587,0.5731697981998293,0.19024271170892756,0.7614798099316474,0.0325266373869779,0.008479501039826655,0.05071168953162577,0.033307238512220644,0.010946354302398905,0.00523663478062683,0.03739592676106332,0.03839172396946038,0.008164589646582208,0.04353735918959081,0.017159445758158396,0.02825866725556238,0.0328882464708359,2.6128345107771334,0.03212192909301143,0.21098339557214058,0.10422275663756934,0.011069828662440164,0.052249153730003425,0.08664714627275119,-0.0016299233487921789,-0.014121030258269572,0.06283484611108418,0.047995009419489254,0.017322942313898488,0.01706321001239667,0.02043355581131273,0.2306780795719062,0.219836668005366,0.052354147315674726,0.07969742505864048,0.005435367256738756,0.0741550945265636,0.058966199792522066,0.08097582838235852,0.00721701385939414,0.013910874135909473,0.06620988328557807,0.023486734316221596,0.006591587306111558,0.1450909155646287,1.1796692497499157,0.008252444373687948,0.012866456590047908,0.07270708167725493,0.7907296663799748,0.1751426357644544,1.0755696790551117,1.9869546650616399,0.6319594550604153,0.0,0.0,4.854190773238887,0.08996712754194683,0.09053146459299512,0.033308463258989195,0.04116119464764925,0.08274616897894158,0.14853410569911366,3.368283128408043,1.4246403524864013,0.057419960202231106,0.03218810400315177,0.916271945000606,0.023094674780114798,0.049542451878018985,0.24362026059092404,1.672604878785918,0.2649930276519293,0.11615999939539598,0.021375076375437643,0.02099726815923497,0.15264367073553473,0.05096316109745021,0.09212288561244406,0.020615003944208003,0.16161930020323775,0.025442593541527954,0.082690789725438,0.011101209140731452,2.2969329591768983,2.5968448381030353,0.009048050996037138,-0.06865489254243957,0.7536468883154809,0.01270294785027317,0.0035377411286517052,0.04884235344647502,2.8581655842427316,0.1054190106733176,0.0,0.01849214721101684,0.05751067998680792,0.005769588400575225,0.04211040996313939,0.07970189137613282,0.4173589435093161,0.12034301353940934,0.008818234887127092,0.028743868580436285,0.25353852216766676,0.16363316344206444,0.14629853127151304,0.30441834895830155,0.13780530312936196,0.0,0.0977436447807384,0.005492843864191981,0.08127434960276214,1.2671604356058168,2.3753444435287387,0.6050014472760413,0.6751281702898434,0.05327878956878168,0.0,2.7164273108134753,0.3047873794424328,0.42989767426122527,0.46117305535395986,0.0,0.0,5.681099267547336,0.002395913257974125,0.011571846885635274,0.0,0.0,0.04030680806382804
2026-02-28,0.06987624782067584,2.1437502834521114,0.15160302288746746,0.011596377713657968,1.963763790512225e-15,0.030759903696937003,0.10009233969113218,2.5736598510699165,-0.04332646238904513,0.01685178401813353,0.40065616487709826,3.5742600348385904,0.0,1.144971343037942,0.019806428884599134,-0.06099018573898047,-0.002731217602002932,0.031246583875340836,0.00864439502323851,0.03826884133344655,0.03047145306932164,0.042975150279621906,0.1263725593432921,0.9358551499681483,0.1015170417431574,0.6460683907986674,-0.0032930222561629164,0.0005713098045512329,0.007618591942344026,0.04448034318002074,0.013420876560082793,0.004536064170130617,0.045854516774358596,-0.0020665879415088556,-0.0035088061156233912,0.025646947404541903,-0.009374783130188235,-0.002923983679956186,0.011645902606149172,3.1739182003614745,0.05598654412751453,0.47733215443548715,-0.022256320351146417,-0.00025820768496014285,0.06556866481397582,0.027025254351243783,0.014614839246200752,0.05480513217956789,0.024997736462610234,0.1331385805700304,0.09000804580776078,0.006272522309017757,-0.04574683933627124,0.23254700970643433,0.1580382379916043,0.17790847311187946,-0.016036965397917453,-0.002457006686731265,0.033029220672063944,0.022227521744999014,0.2645692412689639,0.007954110980323935,-0.005648129211451817,-0.036380826459338,-0.046399607993232984,-0.21089146814768267,-0.5944684347534557,-2.742124814736516,0.0062002289680981775,0.0032423557336894657,-0.3461591157385649,-2.0171775595908903,0.020453239762738,0.4747135205167008,1.420413542768903,1.1059967674101547,0.0,0.47389527526279757,1.975399655960186,0.08396079152191999,0.10076239038928347,0.1393998231132222,0.27959736051947626,0.0592286490936311,0.08568903397414782,2.116001137348282,-0.07834627795202569,0.13151041849246925,0.024724828970463672,0.18047467388590177,0.008332473152500195,0.0650744081394746,0.05509434386846286,1.1167662885742407,0.10481364200909123,0.058562610159389225,0.01353584584506979,-0.3426459325008351,0.142631119421383,-0.015227730592607097,0.081264208153326,0.014376267279240905,0.027278410843016174,0.01552970882629644,0.08184247160613387,-0.0003034853714502577,0.0,-0.006460432354438742,8.041040105105868,0.39269938957313044,1.0182563972743053,0.011714956921281359,0.01702590281931102,-2.3404747454247787e-16,-0.8929056658792983,0.23752002247828266,-3.5973645922163114e-16,-0.02430575779776924,0.0,0.009700586144165399,0.5873792788168161,0.061508389128769374,1.0757106687309972,0.06525405676821663,0.0038953120339571307,0.009122177606099919,0.27058824380145363,0.20341349942137685,0.07261483004924628,0.3007508024402568,0.07070585584482524,0.0,0.07753566893513875,-0.0029522415000191836,0.06449189938498205,0.6687857570982402,0.0,0.10518713118765972,0.0,0.14168679171758225,0.0,0.0,0.07198697612986378,0.5212018876700243,0.0,0.5370930173061258,0.1651862282078819,6.327465148760411,0.0070547863621226925,0.008905015584004795,0.37584770915365967,0.315684001921803,0.059466934767212515
2026-03-31,0.0,5.299494404485986,0.0,0.018497072815583968,0.0,0.008559711742987036,0.11724740162167195,1.6779864202382502,-0.003003807063874698,0.01933115134632158,1.0650250296390182,1.2563748028289339,-3.9161095924659895e-14,2.17633214194052,0.007812868531909344,-0.05943417398395484,0.0010760145169327368,0.011096924457695015,0.004527301782883029,0.008047581349551247,0.0049939629935236915,0.01285214413696779,0.08757127034543527,0.2596658706031452,0.06420321354103176,0.7866582418632947,0.042125780047275754,0.002872290977230513,0.009495215413698379,0.010260921053059698,0.0076639909886710945,0.007093521113426434,0.008201528653403048,0.0008349297615566262,-0.0031890048041548023,0.0816253747213468,-0.002570998943382298,0.0034035546958964286,0.009577969061928605,1.138432674453886,-0.00181643172411794,0.17045108922720636,0.016036163273850528,-0.007905986137895806,-0.028750287064645698,0.002215967752690404,-0.00017075160421852747,-0.00248483348919084,-0.021732507258242776,0.018524990973256737,-0.013928488716422096,0.013325957806068454,-0.0038010982772412553,0.09600922360987436,0.11887850935718783,0.01860153650366669,0.04765139350021657,0.027065747447597526,0.05572236842047002,0.021210184621461698,0.025759115809988353,0.0021786772792643937,0.0005953921826707775,-0.028976046150002505,-0.08188382989535259,-0.011309943807500555,-0.26307977361141516,-0.7977471471176034,0.007195213963877841,0.00017025438837043458,-0.16763046547471924,-0.9050040669418639,0.10933202806279331,0.8877319500289236,0.5660786543570963,0.02238729207177289,0.0,-0.08195359504911444,1.7492116653784213,0.05748070727542853,0.05897275301425606,0.12853128839284353,0.060163432027218626,0.022197413732618326,0.06260266349859944,1.204270735794196,0.5105154976455306,0.029673764149039807,0.028602883123179663,0.045882213804006575,0.02300470673808607,0.23194347478970928,0.058655628797315264,0.18189628313665165,0.11826404981177761,0.013360754197894287,0.013578670584445826,0.09686299708672505,0.06486440021638705,0.04678297103838114,0.0721068077963975,0.022774295182331247,0.025490209828171226,0.001957359312082422,0.04136654042940114,0.009013406763882709,0.8596309313345558,0.7397254765265792,0.0,0.5463895515660784,0.26769605536755214,0.00652992497448902,0.03356025593141847,0.0,-0.4107667375330031,0.06856351450335103,0.03282151924601711,0.019747299861321593,0.02508629244546452,0.007286253227865817,1.377986432176338,0.0588735631890989,1.9286042400229075,-0.0008093466557839848,0.0031215095367382543,0.012620695744644986,0.009037534403258683,0.13013957105182844,0.04276548071624553,0.08392984810710614,0.044888441124231515,0.0,0.1839721906466318,-0.009425762244886239,0.09932470838109454,0.2539941677224119,0.0,0.0,0.0,0.10651404950931921,0.0,0.0,-0.0989600458908672,0.6662918472728553,0.0,1.6579636702720206,0.06536690886751408,2.9907790634001015,0.006837356666285246,0.0033471418815064556,0.5569466401583397,0.4678060994875436,0.0011802283184618627
2026-04-30,0.0,0.06928123378864015,0.0,0.013600005551703813,0.0,0.03772921531580414,0.22256779713160058,0.5268471690109361,0.2223573694839132,0.07734983467420303,-0.025000165345930005,1.001354227652875,0.0,2.0521030186081752,0.010818322736304196,0.08654966351355767,0.0038851593958359344,0.026909693932154446,0.0034257924952029437,0.09093022961789102,0.016539036371690907,0.14787413403252994,0.10001730885968042,0.547414564941051,-0.04607837541820736,0.7134741893004899,0.1219112907321462,0.005440352875024709,0.007759079144937539,0.024858952242542986,0.006948902373083959,0.006047423982314455,0.01658476776933912,-0.0010052528528164883,0.003330112383065726,0.08012490275825308,-0.01613586599603815,0.02222031545142894,0.007263338493583186,0.5950819793367047,0.03350707985174002,0.1259125591569447,0.022685694207002283,-0.0020683517613015664,-0.0091845245337475,0.1060076936562709,0.005662955932957325,0.011437012564268061,-0.01300637237759527,0.04098257690811302,0.06697330805737094,0.015516268203995126,0.12809614106483339,0.08153696575105837,0.05079556453485492,0.006429786534052684,0.09771945647754994,-0.15693401599799342,0.023011299643957487,-0.012618742901033785,0.043490218468029224,0.11481454973609798,0.00022832652574755099,0.007460897579839512,0.03546631986101872,0.01007984679151038,0.1576410973746944,3.0934420097436734,0.00867091574482146,0.015518968195931552,0.1001045801162579,1.6174438046105983,0.14557735200292876,0.8320636718605541,0.01069507805756251,-0.38871568103604137,2.661851800021061,1.2577885887398301,1.6656757695710807,0.1350258537700967,0.06628586347539632,0.09611195986551539,0.30345769357499447,0.04828797118354129,0.09603169031641724,2.0996638360956026,2.453048642689343,0.05423265944210315,0.12828528118176966,0.26728568964017463,0.0247650359655424,0.22824201772070185,0.14821530451744164,1.1426918449525834,0.13382155768688833,0.03966696931239723,0.0007058705133351031,0.05296698943631206,0.09822111587842992,0.03378672958554654,0.06258630029265676,0.016474489016219677,0.04027557344776963,0.007994103262415266,0.05307224902495845,0.010144278959558512,0.0,2.7573769066199976,0.0,0.3755176624493786,0.24783003182760585,0.0024252103526802276,0.002044607272915248,0.0,-0.9328134899902295,0.9601863020092175,0.016480116004279496,-0.00934036756097101,0.0,0.002304503291058029,1.537787116704996,0.005090010030296279,0.43258060152118827,3.621114559352371e-05,0.021390963013253758,0.09276329790229995,0.0,0.07924757753956194,0.05732209909056678,0.1521498381895363,0.07432636276162638,0.0,0.17690209520359232,-0.029085640583117682,0.05401368841093006,-0.3627344236597693,0.0,0.0,0.0,0.08923312971219141,0.0,0.0,0.09426583303491233,1.034985283197955,0.0,1.1764439308264607,0.1925200967816198,2.517655450657266,0.005009908851438102,0.013939450517309271,0.0,0.0,0.0018563667104794085
