,Grup,2025-02-28,2025-03-31,2025-04-30,2025-05-31,2025-06-30,2025-07-31,2025-08-31,2025-09-30,2025-10-31,2025-11-30,2025-12-31,2026-01-31,2026-02-28,2026-03-31,2026-04-30
0,Tahıllar ve tahıl ürünleri ,8.329011428571121,1.241306292960731,1.4638148840605547,0.4902622871232998,1.6748147390781787,3.5419666602697575,2.1149459953176075,3.0045963536466935,5.4416904838809455,2.1897941004624055,0.8837470122265323,3.4080099056885915,5.432875812938187,1.2922618928258744,4.284549466180154
1,"Canlı hayvanlar, kesilen kara hayvanlarının etleri ve diğer kısımları ",3.038126536066721,4.472200111168667,3.430877504235208,1.520172552471477,0.7240702149901024,0.6089280086525095,0.8105161273736172,1.02061693232951,2.0768585714663557,0.9500306329842667,6.178906789004346,4.423934764805115,4.121422935081354,4.556974395783908,3.732092429706091
2,Balıklar ve diğer su ürünleri ,5.312025739606385,-5.807213900283948,6.0879275110236275,3.939603215882448,2.4283730592503883,2.180839045481786,1.9019156304140195,18.358846967682354,4.935583852337211,-4.3439931501326186,7.409099349417536,8.060269280766775,-3.6756874827600816,-3.738853699115796,8.962728986149227
3,"Süt, diğer süt ürünleri ve yumurtalar ",7.492830231504599,2.1132258820082406,2.0212280990367537,-0.4335761702775498,-0.899574609564624,-0.002354501020140898,2.8116240096409895,3.0840536908237848,4.43424358303075,1.9317546269987496,2.45732675551229,2.2744651469347676,7.517563184623799,1.9344662070510443,-0.3556478757181014
4,Sıvı ve katı yağlar ,4.905880962800557,1.2713047839592706,1.820677899577161,2.4663399125557373,0.6752912854811388,2.2367237496201398,2.72681872301197,7.1014649963729415,3.6472669075849673,2.458411343815614,0.23287823427031729,1.9433407531065372,3.081299481142219,0.56142365313534,2.6716868512663527
5,Meyveler ve sert kabuklu meyveler ,5.510325144570305,9.700970265354659,7.447502418591778,12.690187671147513,-0.2922356920025848,-6.09386082133444,3.1655578516567084,-2.2105007389152553,-2.0491227512347665,8.435650235961468,-5.255633822989802,2.219925255448296,2.5617290504897694,0.16433200123300296,7.418673276852972
6,"Sebzeler, yumrulu sebzeler, plantainler, yemeklik muzlar ve bakliyat ",-8.01569299401197,11.341413339929751,-6.297746940182048,-14.125688346902365,-6.4039819653323615,2.2223528301218876,3.980414744573846,6.396598369079198,15.169263704142043,-4.894245371403871,-1.4617807687528295,24.60942754512645,21.180201323055602,7.7592875321224275,8.437963403658056
7,"Şeker, şekerlemeler ve tatlılar ",5.04165739226019,2.408685108725095,2.35230795203214,1.2160606073096991,-0.05214641020111488,-0.16415243017514625,1.5073815177581773,1.3169442317431557,4.356581888165301,1.2490140050583687,1.2095293977007149,4.146300126699121,0.8693963336577237,0.7971793495802126,1.252556971644525
8,Yemeye hazır gıdalar ve başka yerde sınıflandırılmamış diğer gıda ürünleri ,3.6291535414406884,2.3812669725211677,3.746703005589147,0.9500357381632796,0.107727047541184,3.6419385836907736,2.749184846570163,2.192986714578704,5.063824806106365,1.9501321613810685,0.45076288118588437,2.048613213308337,-0.3735678943841636,0.8189027516469327,6.215509175626055
9,Meyve ve sebze suları ,5.341234764015379,3.5162373029779426,1.6710698001147328,2.357003315957207,2.3968800474461593,1.7035287156639267,4.950810035879094,2.6095131150536632,2.7024925707845204,3.4943173829269147,0.8192981863580862,5.396507245312021,1.931587716501948,1.66812274299728,1.7057231433827758
10,Kahve ve kahve ikameleri ,3.624194649515511,3.3691927617937933,4.496735909262184,3.966355673858324,2.5627277136687887,1.399016600149694,3.243638170630714,1.5953300694848238,3.614602045868631,3.692807831306899,4.555518609147224,3.721573269203504,0.569560395674884,0.7696991154219068,0.8731431536224799
11,"Çay, mate çayı ve demlenerek hazırlanan diğer bitkisel ürünler ",0.7600181975600862,0.4004703956716815,0.896679133821987,0.1743624702819302,0.6774000277471437,2.8292904862367907,5.849480106966198,4.361562886987591,5.809371648397921,2.696645475042425,1.855175581333035,2.602958076149653,1.206518618585939,2.1492783806442706,1.1943337003768706
12,Maden suları ve kaynak suları ,3.739386507383724,2.6578678416650847,0.9854968605326198,3.3111534909501694,1.2797684167510592,3.9293403425798346,3.8547320587783984,3.6335810190794238,2.0656134135947024,1.4132139947165,0.1291974373362148,1.8176009201331,1.117015228067575,3.7709199105694147,1.623837516017712
13,Meşrubatlar,7.2118791421750705,1.2300669655934016,0.6156179935492556,2.5649451811697643,3.7826698136955716,1.4949327114862632,3.5585171171440555,6.139958917896848,2.530435116632068,2.17701764741407,2.376239225201471,1.9827751005553118,3.609679116508002,-0.12079752327920357,1.7493841901681462
14,İçkiler ve likörler ,-3.3306690738754696e-14,0.0,0.0,0.0,0.0,10.722746050334852,4.827591801891762,0.0,0.0,0.0,0.0,3.326496002156354,1.4602825693962318,2.220446049250313e-14,0.0
15,Şaraplar ,1.7470104633781736,3.8687707840139085,0.0,0.0,0.022433749757877486,0.46102611228362456,1.4165158401675093,1.0666606331045658,0.30911044412542665,0.1541622022073419,-0.15590307521226032,0.5218982621652435,0.6786628736677569,1.1001574077909249,0.6678070743160625
16,Biralar ,0.0,0.0,0.0,0.0,0.0,7.323162007542572,1.7956495696485941,0.0,0.0,0.0,0.0,15.480150000000027,0.582827438308664,0.0,0.0
17,Tütün ve tütün ürünleri ,0.0,10.849999999999982,0.0,0.0,0.0,4.929611998452255,6.9055280537329455,0.37965628889768954,1.9646206347001538,3.7195778365712195,0.0,0.16482006176370412,2.8745544402576373,6.775200783506108,0.08844305952058207
18,Giysiler ,4.54570368885574,6.682968793529587,0.791895921490382,-0.01622508050387328,0.6946956974444252,0.8536684533649863,-3.6191383103021058,1.0334548993733872,14.170228561383546,-0.9629064263880216,0.6571428004904734,2.37497863740046,-5.837022657210111,-2.0965860813784043,5.342342995139093
19,Diğer giyim eşyaları ve giyim aksesuarları ,4.104128372766613,3.8273327309414906,1.3817464729876772,0.5138838426926196,0.8128225770817732,1.2713176350416022,-1.03447811820504,1.8483770966437163,0.013675944794555583,-2.202072678365685,3.8172444117927418,0.20153914194900313,-6.515848124258062,-0.3904011517795847,0.4966306985203728
20,"Giyim eşyalarının temizlenmesi, onarımı, tadilatı, dikimi ve kiralanması ",4.060459001966432,-3.352359492248125,-5.444236366083954,-0.479358483457204,-6.875813221312677,-1.0328629016157609,11.62590079124799,8.557835528047963,21.644867170824746,-0.8477903241281726,0.3010445081160551,6.751810137181535,2.861883145683608,2.0777281616067844,2.354963061096149
21,Ayakkabılar ,4.721251006294347,6.913015584745907,2.3464685682266673,-0.06528782781543008,-0.21804664237082827,-0.25660619181088196,-4.691235173360564,2.1122583243029958,8.578370990986528,-0.8410798277432407,-0.6808150428085691,1.5833077127067163,-6.905671250581036,-3.631399807734681,1.7953786157754337
22,Ana ikametgah için kiracılar tarafından ödenen gerçek kiralar ,4.220782643345133,3.6610983570642075,4.30434925297547,3.5997193681023276,4.590043389570941,5.2686019609664125,3.508132862348168,4.801648422266114,3.1456211443673165,3.236752146385524,2.2274281772864946,7.3078261323827,2.909142330612524,2.5871193372227097,2.2950412706474133
23,Konutun bakım ve onarımı için malzemeler ve güvenlik ekipmanları ,8.269612079465794,7.731925179695076,3.2905064392104055,5.515020134435167,2.0768743466168305,1.4730418783496457,1.1498802393937302,0.7455885699770404,1.1292371382354505,-0.29013683377232535,1.893715014512587,2.6306302641613266,2.5090767733592756,1.7301595224041622,2.992698828163398
24,Su temini ,6.735140800228168,1.580272900688584,1.2309565096080055,5.287752396669676,4.587716563050037,1.2065902208431734,1.203586121782707,1.4948607988558127,1.6916950156999455,1.6168243915236413,0.6985110261432004,0.49100236469539205,2.1549949900387055,1.9993288075313531,1.4961633240110128
25,Elektrik ,10.70000000000002,0.0,20.833333333333325,3.44827586206895,0.0,0.0,0.0,0.0,0.0,0.0,0.0,4.440892098500626e-14,6.500000000000039,-1.0233706682591381,18.26800626997187
26,Gaz ,0.803227395676287,0.0628120744201377,0.2622679833159669,0.0,0.0,19.779741737927203,0.9886216363930833,0.14142849677811764,0.6548215272441427,0.05914195549325818,0.6036007709948388,0.3161265100554145,2.7994925707702345,0.591507011337411,30.934653208989936
27,Katı yakıtlar ,8.236350367667056,2.563277786413809,1.8112342775162826,5.595029523431427,1.102781814018794,1.9050434214517464,2.514612496429458,2.0642445303177714,7.777022021477742,2.401442192925951,2.237235759655576,3.8890354955287476,3.301027179361893,1.6756289533122581,2.1113938691303735
28,"Mobilya, mefruşat ve halılar ",3.673720656548074,2.3286367814973508,0.11716540967821043,0.31610856593433656,1.2926686168552637,0.7693881494056587,1.3294743388988284,1.730068037653365,0.2586390431831509,0.13307548077281517,1.343122998725499,4.576687821362313,1.9853330969609395,0.7241971394926994,3.5821681512919312
29,Ev tekstilleri ,28.789701154613077,10.43421793286865,-0.09593657468948136,6.749944653174911,0.998889338700093,0.3697539102879288,1.2042652574301371,0.9759432368531717,1.581067570091732,-0.07323800373431055,1.1367083181276882,2.137601317716409,2.253974129105618,4.504397877747546,3.621463291753435
30,Elektrikli veya elektriksiz büyük ev aletleri ,1.2212907255933159,1.5894335319273756,0.6902826622680713,1.4606901746437195,0.45182880669603076,1.589702851580621,1.3686835948999443,0.5474740492998231,0.7463351331206347,-0.19925042916857372,1.483748984068134,2.8921364341761624,0.6500369482462132,0.7321189882764312,1.5876762838967773
31,Küçük ev aletleri ,5.817021680737944,2.513264225641687,0.9014002036541457,1.6618871108253108,0.6888495511188086,0.5791206159536433,2.81744537849018,1.8177950393453601,1.5109917091674419,-0.19229479297508956,1.110932702325207,1.6915332859474441,0.7202298896144654,1.7769744026908452,1.6063490023213278
32,"Züccaciye, yemek takımı ve ev gereçleri ",4.11658415161118,3.2746774072955898,0.6138633893544077,0.7204897383730868,0.07916270931056513,0.29920908048470807,1.4646426351974995,1.1705585155682652,0.5765493383377729,-0.8735325566169294,2.5423854977656646,2.363988500391212,2.973774639851001,0.9780313542011809,1.5787901784996894
33,Motorlu olmayan ev ve bahçe aletleri ve çeşitli aksesuarlar ,4.669922126051729,2.9131761052989313,0.5952930835714243,2.346973347088044,1.274732034462045,1.3775756977300935,1.229797071134997,0.44171515537252404,1.4414978339552853,0.4492528882291458,3.1342275809485676,2.9995148833721785,2.9953202405784474,1.4969279574341243,1.707399780434704
34,Dayanıklı olmayan ev eşyaları ,6.152583685766455,3.1387761282341664,1.2765080025545883,1.636054805146192,-0.1709035419160121,0.45296719265595087,2.056366120985853,1.1414027389769155,1.9519366238379021,0.26359437711167555,0.8722154580859565,2.325116576796815,1.0298857953914498,1.1759649916866621,1.7429855242498737
35,Ev içi hizmetler ve hanehalkı hizmetleri ,5.876645845648709,5.63902390677431,3.9797909815299626,-1.7525048079176653,-1.690307191434004,6.673734405381837,0.9021188792778467,-1.6397262690558745,6.195847677074551,2.50424508436915,1.7095430520099653,16.12096492689412,2.8515510856372606,0.7102655032123817,0.12932407043191319
36,İlaçlar ,0.028510511701673735,-0.11772724456287076,0.0,0.0,-0.006881295975336155,0.02664850438500732,-0.023992531458238986,0.2407831113605985,0.13424478794212824,-0.015143444199616773,7.162993507829318,11.044313156367735,-0.02781901623829519,3.2491192503721233,11.790767954886782
37,Yardımcı ürünler ,,,,,,,,,,,,,1.6683901282881441,1.5963923027975557,2.910286640194504
38,Ayaktan ağız ve diş tedavi hizmetleri ,,,,,,,,,,,,,0.0,0.0,0.0
39,Diğer ayaktan tedavi hizmetleri ,-22.318873026743212,-1.2491911762628205,0.0,0.0,0.0,0.0,0.0,0.0,0.0,0.0,0.0,13.159936821865115,0.0,4.76289999999997,0.0
40,Tanısal görüntüleme hizmetleri ve medikal (tıbbi) laboratuvar hizmetleri ,,,,,,,,,,,,,0.0,0.0,0.0
41,Motorlu taşıtlar ,0.6731029587918824,0.6011713006061292,4.491953661728276,4.065470015871897,1.1595576882968972,2.5564142316343075,4.685061497027276,1.4415600238823156,2.8592280111637836,0.47055266312221455,0.28491794259515313,2.606602768278221,3.594556605687771,0.927618687406695,0.9133551193487355
42,Motosikletler ,5.836068231380365,1.5004771676269346,1.4280100712139143,1.6369011343748907,-0.036534784815256405,-0.9722421740779197,0.015237440859650064,0.8065827539189607,-0.9293387727375313,1.7387346405694393,3.4759387673303,2.236671910682886,1.7665451890696904,1.7195654792478754,0.2590298397813884
43,Bisikletler ,9.112282163467134,4.882088747107671,-3.4157703766076297,5.97767141011083,1.0412954169904953,1.1137568146501131,2.79237356114439,1.8669240003068577,0.7189642403994778,1.953605345990872,2.896571551796634,2.9827575268041917,2.7970747232317628,1.5673276022777571,0.43136281066025184
44,Kişisel ulaşım araçlarının parça ve aksesuarları ,,,,,,,,,,,,,1.4925775076707781,0.9734091541468759,1.6947735611271053
45,Kişisel ulaşım araçları için yakıtlar ve yağlar ,3.0508738254371393,-0.04282929932653001,0.6227660435542459,-0.3530621992894223,2.0807967930104088,4.602481078539689,1.0675366809482556,2.046384395895484,0.5477096747941834,2.798741081972067,-1.105725045898942,1.1034603738017346,5.113953200102972,8.344177246056006,12.944820520777922
46,Kişisel ulaşım araçlarının bakım ve onarımı ,16.007164219828283,14.545601798907981,-17.53488880558929,-3.7993739986695862,17.70681746082481,-13.807275484802506,8.630325386451055,4.820983115791266,28.635524610341044,0.5506844576820935,0.0,0.0,-3.3306690738754696e-14,9.399999999999963,4.547531992687404
47,Kişisel ulaşım araçları ile ilgili diğer hizmetler ,9.036564024342608,2.2366854987331264,3.360911697254987,0.51406480582874,4.755609669779126,0.45107018050567493,2.5926351978289297,-3.7917580415160135,-1.5753032105684128,-0.5857541075680817,-0.5225261148614657,19.942705550649077,2.962558212057975,1.302817234072573,-1.0555147257215403
48,Demir yolu ile yolcu taşımacılığı ,13.594988163724619,7.513004164916648,0.0,0.0,0.0,1.2629688075656453,0.4157389492716934,10.272772243508243,4.867807585786554,-0.06676457695953264,0.2974795235731964,7.8038454858895046,10.109472861442082,1.16528675265124,0.5962952020988288
49,Kara yolu ile yolcu taşımacılığı ,10.983776221057951,3.753198550585468,2.6053411423460737,-0.003361643548982496,12.453400464431773,0.9767431812386151,0.6698911472309499,-0.28061278347922824,-2.2516560798202745,1.706562952209123,-1.4116666040774883,1.5267997392839794,5.8649250529187125,9.079645346407661,1.2736396665543603
50,Hava yolu ile yolcu taşımacılığı ,-9.488399762046406,-18.131777850805086,42.09734069242344,5.120900904412884,12.361399137764973,14.990595020321361,-2.8721410617940646,-6.681926943415473,-2.8659194806808452,14.151118129732666,-30.519597528993025,51.6582160385187,-9.3282865998926,-5.763630078623461,-28.783598865454408
51,Deniz ve iç sularda yolcu taşımacılığı ,2.7027027027027195,0.0,0.2517162471395773,-0.00603080679515422,0.045908411017991924,2.1305494683915516,0.09128125447654956,10.262777253836086,15.61712004478868,0.0004762614986608682,-0.006230629875814131,1.1596311308082807,6.054105612256655,10.842618004282723,0.627835888929229
52,Posta ve kurye hizmetleri ,12.422569139347894,-0.02467269302983688,0.0,0.0,0.0,0.0,0.0,0.0,0.0,0.0,0.0,22.10000030534807,0.0,8.550466245022449,0.0
53,Mobil telefon ekipmanları ,-0.2799921480775569,0.22510084362683536,1.1527647445850109,-0.9008228532246143,-0.7152092130428,0.47224493171822424,0.9626923075097604,1.3350012687184387,0.30265034701768556,-1.2793451401598488,0.5297496894075326,0.7965187672330787,-0.15502446662369884,-0.011099739184683433,0.9629455449530866
54,Bilgi işleme ekipmanları ,0.6748653934919968,0.483996948032539,0.181314691164558,-1.3027184975537676,-0.14719762562043215,1.5355633037742678,1.5132140550987216,0.9773088697325738,1.8234667047227981,2.2230217973518984,5.011962272894821,3.4652042647531855,1.4182343342845405,1.3806451839269984,2.2380550135027377
55,"Ses ve görüntü alma, kaydetme ve çoğaltma ekipmanları ",0.13327160506746427,-0.1813159143921217,1.4652734268438383,4.537528477975461,0.652296059600288,0.10041621301761783,0.2615931183675535,-0.4107551721766245,0.6970976064424761,-0.8181579389279547,1.379488418357111,2.2991696269238027,0.27592996656937707,0.32093098155283606,1.2941735368414031
56,Diğer bilgi ve iletişim ekipmanları ve aksesuarları ,,,,,,,,,,,,,0.580622880031556,0.8308690860178158,2.8135480729948092
57,Mobil iletişim hizmetleri ,-1.70562167683731,-2.850123662762516,-4.455814064340946,0.0037194991178379766,0.0,-0.016441547201861972,1.764720259197805,2.2230959140656648,-0.02270922151583754,2.3601302626193865,5.400145474814844,5.502482800850594,5.644583178539753,3.598914324309699,0.7748370447449471
58,İnternet erişimi sağlama hizmetleri ve ağ depolama hizmetleri ,-0.00822355468580449,-0.024672693029859083,0.006485640263154124,0.012112305769185205,0.17969093023759708,0.878733618384886,3.824933240685602,1.3968880491512792,-0.17986260943131382,1.9110341744835724,0.08412901567915743,4.842911272668604,4.209109204724926,11.103571576298975,0.2616656033873399
59,Bilgi ve iletişim ekipmanlarının onarımı ve kiralanması ,-3.2771888362980617,1.5871275781396132,3.0677358313577985,5.919022779795968,0.3614520368307783,1.4716219483656756,0.9424156942759776,16.323363193647843,-1.7535582665005434,4.735539285820045,3.5007610350075824,5.882352941176494,4.440892098500626e-14,2.220446049250313e-14,0.0
60,Diğer bilgi ve iletişim hizmetleri ,,,,,,,,,,,,,6.434636402142169,0.2145395585782195,0.0
61,"Oyunlar, oyuncaklar ve hobiler ",4.229498650483654,2.234440501708712,0.6624887456524009,1.43705155578433,0.36975596101500585,2.1345272490885137,0.24713029166474332,1.0717685963223422,0.5527505749598483,-0.1381346133142225,2.6798628548375003,3.0662345800501534,1.5542629125113505,0.915325555468538,0.9135311514294031
62,"Spor, kamp ve açık hava eğlence ekipmanları ",13.596915624802119,4.860154285536744,1.010960870093136,1.802201113880253,1.0360508411384473,1.6112754297511467,2.098353560580546,0.3428531289401793,1.8767847642631175,-0.7051966215280814,0.7497700091106951,1.3919522943645068,1.1495633227220026,1.7730631447812728,0.8838674000986035
63,Ev hayvanları ve ev hayvanları için ürünler ,1.5264987092097115,-0.7441508841848354,-0.1520301326361162,0.40505146682179305,0.43988310114499996,1.2407559827625425,1.1618585444908014,1.5438671946303328,0.8969222805542021,-0.26357167606988474,0.2946197884214907,2.585517895767242,2.6172447547010647,0.723445654537147,1.1435461051179319
64,Veterinerlik ve ev hayvanları için diğer hizmetler ,6.602602602895358,-0.024672693029881287,0.0,0.0,0.0,0.0,0.0,0.0,0.0,0.0,0.0,35.07441381093508,-2.220446049250313e-14,-2.220446049250313e-14,2.220446049250313e-14
65,"Eğlence, dinlence ve spor hizmetleri",,,,,,,,,,,,,2.289472547310112,0.8784922845297416,-0.0006332878635495476
66,Şans oyunları ,,,,,,,,,,,,,4.172098516394729,0.0,0.0
67,Kitaplar ,3.6696211008382384,2.8075279518472884,1.532144624305909,0.46620069961900157,-0.6063141371294045,0.9764064126354999,1.0476031939309127,2.907887072889803,1.0470058963161444,-0.5838142586421124,2.5962838084681916,2.479016683157864,2.446576796121702,1.5474546782484833,1.4336062963050455
68,Kırtasiye ve çizim malzemeleri ,14.552256295327904,5.092928901525751,0.26213217275621314,0.2659857961017975,-0.14069516100949642,1.444511205380894,1.4025116979926366,1.017853447105277,0.9847357053791805,-1.0101803216738814,2.405950977957061,2.3583781019232752,1.924403173071787,4.571566261648363,3.862279896138854
69,Paket turlar ve tatiller ,,,,,,,,,,,,,-0.01709086634574808,-0.05542301803160843,-0.1827724704261957
70,Okul öncesi ve temel eğitim (ilkokul) ,-0.44488359225823837,-0.638698262741999,0.057473855394851725,0.056318624870210776,0.0,-0.0018724343011644606,0.0,16.93083333333336,1.1708918484973463,2.220446049250313e-14,0.0,15.234458729204281,4.074074074073963,7.791899999999985,7.050000000000023
71,Ortaöğretim eğitimi (ortaokul ve lise) ,8.5344676195517,17.751953177533043,0.0,0.0,0.0,10.27674484441392,0.0,0.0,0.0,0.0,0.0,5.2631578947368585,11.653574866335447,3.841899999999976,3.049999999999997
72,Yükseköğretim eğitimi ,11.984843733852868,2.0478145834066597,0.0,0.0,0.3777159137296815,-7.060640960787623e-09,-7.766708387535459e-08,73.44600000000001,0.0,0.0,0.0,-6.661338147750939e-14,-2.220446049250313e-14,0.0,0.0
73,"Lokantalar, kafeler ve benzerleri ",1.910997647712187,-0.45574135694494977,3.0133050951661744,2.330804738162473,2.375264437094904,1.2950571967058844,3.6432647290735254,2.697170950157335,1.9020998260920408,1.4856992936487678,1.5192496435826097,4.8554033951118125,2.9506259984348304,1.6879648469878106,2.4414431085551636
74,Konaklama hizmetleri ,26.961116466686597,21.122072948792002,14.402989633435004,23.884179319904764,12.88078013650129,10.006323317278532,5.425368365200622,-5.401288802692106,-5.76278275605564,-6.482317470858567,-3.048487791787724,6.3903509539693815,-0.335189497838817,2.104119167906271,7.477453995286387
75,Sağlık sigortası ,,,,,,,,,,,,,3.704491493775941,1.575283930428939,4.860731840524313
76,Konut sigortası ,,,,,,,,,,,,,7.638888888888906,23.870967741935512,12.5
77,Taşımacılık sigortası ,,,,,,,,,,,,,10.32608695652173,4.92610837438423,2.6197183098591648
78,Diğer finansal hizmetler ,-0.008223554685837797,-0.02467269302989239,0.0,0.0,0.0,0.0,0.0,0.0,0.0,0.0,0.0,0.03290504260011762,30.899999999999995,0.0,0.0
79,"Kişisel bakıma yönelik diğer aletler, malzemeler ve ürünler ",5.813836104126335,3.1029055060901367,0.7906105880627123,0.20499286181991927,0.5431082537662002,0.8131710853090279,1.2329132526867514,0.6469523704536684,0.9876483069900521,-0.21836442110508836,2.215273830686937,2.350457895816449,1.0585498181470365,2.021832931705858,1.6786100653025215
80,Kuaför salonları ve kişisel bakım merkezleri ,1.8105871086776526,11.77510519299474,4.375606042255886,2.306694561795619,5.188045452531753,0.6803380405280279,2.174773779550332,8.849085197699914,1.7792600633762312,0.06192545614085443,0.042994158795051085,13.253973693739551,9.500789131835429,3.67779868274527,0.46576607781638746
81,Mücevherat ve kol saatleri ,7.544532040460683,5.37577144087773,10.643287310429027,5.259767606702126,1.9398957194062039,1.710017279091236,1.8288373266604374,6.158871945105093,14.090861599038318,1.3896421954985083,1.7696531439054919,6.228521288034683,10.692485332694378,0.21948325405705127,-3.3280856967312977
82,Başka yerde sınıflandırılmamış diğer kişisel eşyalar ,6.194605305581491,4.943151516455346,1.3966262277740782,0.6134242097384002,0.3573768651642828,1.3012819783954743,1.1409664277421072,1.1814236195407002,3.7953994902154564,-1.1728068498657485,2.6216245983806674,2.067376908135099,0.24588457322911594,1.3609703709326126,1.5217373773437348
83,Diğer hizmetler ,,,,,,,,,,,,,0.0,0.0,-2.220446049250313e-14
